2025-11-10 19:28:11,601 - INFO - 🚀 Starting TVInternetSBB Sync Monitor
2025-11-10 19:28:12,203 - INFO - ✅ Telegram alert poslat
2025-11-10 19:28:12,213 - INFO - Monitor check completed. Leads: 1
2025-11-10 19:28:38,503 - INFO - Monitor zaustavljen od strane korisnika
2025-11-10 19:28:59,458 - INFO - 🚀 Starting TVInternetSBB Sync Monitor
2025-11-10 19:28:59,880 - INFO - ✅ Telegram alert poslat
2025-11-10 19:28:59,889 - INFO - Monitor check completed. Leads: 1
2025-11-10 19:29:09,238 - INFO - Monitor zaustavljen od strane korisnika
2025-11-10 19:29:19,875 - INFO - 🚀 Starting TVInternetSBB Sync Monitor
2025-11-10 19:29:20,299 - INFO - ✅ Telegram alert poslat
2025-11-10 19:29:20,304 - INFO - Monitor check completed. Leads: 1
2025-11-10 19:29:50,337 - INFO - Monitor check completed. Leads: 1
2025-11-10 19:30:20,751 - INFO - ✅ Telegram alert poslat
2025-11-10 19:30:20,753 - INFO - Monitor check completed. Leads: 1
2025-11-10 19:30:51,183 - INFO - ✅ Telegram alert poslat
2025-11-10 19:30:51,185 - INFO - Monitor check completed. Leads: 1
2025-11-10 19:31:21,233 - INFO - Monitor check completed. Leads: 1
2025-11-10 19:31:51,268 - INFO - Monitor check completed. Leads: 1
2025-11-10 19:32:21,306 - INFO - Monitor check completed. Leads: 1
2025-11-10 19:32:51,339 - INFO - 🎉 Otkriveno 1 novih leadova!
2025-11-10 19:32:51,760 - INFO - ✅ Telegram alert poslat
2025-11-10 19:32:51,762 - INFO - Monitor check completed. Leads: 2
2025-11-10 19:33:21,797 - INFO - Monitor check completed. Leads: 2
2025-11-10 19:33:51,830 - INFO - Monitor check completed. Leads: 2
2025-11-10 19:34:21,874 - INFO - Monitor check completed. Leads: 2
2025-11-10 19:34:51,908 - INFO - Monitor check completed. Leads: 2
2025-11-10 19:35:21,942 - INFO - Monitor check completed. Leads: 2
2025-11-10 19:35:51,976 - INFO - Monitor check completed. Leads: 2
2025-11-10 19:36:22,010 - INFO - Monitor check completed. Leads: 2
2025-11-10 19:36:52,044 - INFO - Monitor check completed. Leads: 2
2025-11-10 19:37:22,080 - INFO - Monitor check completed. Leads: 2
2025-11-10 19:37:52,115 - INFO - Monitor check completed. Leads: 2
2025-11-10 19:38:22,151 - INFO - Monitor check completed. Leads: 2
2025-11-10 19:38:52,185 - INFO - Monitor check completed. Leads: 2
2025-11-10 19:39:22,223 - INFO - Monitor check completed. Leads: 2
2025-11-10 19:39:52,258 - INFO - Monitor check completed. Leads: 2
2025-11-10 19:40:22,313 - INFO - Monitor check completed. Leads: 2
2025-11-10 19:40:52,347 - INFO - Monitor check completed. Leads: 2
2025-11-10 19:41:22,388 - INFO - Monitor check completed. Leads: 2
2025-11-10 19:41:52,424 - INFO - Monitor check completed. Leads: 2
2025-11-10 19:42:22,462 - INFO - Monitor check completed. Leads: 2
2025-11-10 19:42:52,496 - INFO - Monitor check completed. Leads: 2
2025-11-10 19:43:22,534 - INFO - Monitor check completed. Leads: 2
2025-11-10 19:43:52,568 - INFO - Monitor check completed. Leads: 2
2025-11-10 19:44:22,617 - INFO - Monitor check completed. Leads: 2
2025-11-10 19:44:52,666 - INFO - Monitor check completed. Leads: 2
2025-11-10 19:45:22,719 - INFO - Monitor check completed. Leads: 2
2025-11-10 19:45:52,780 - INFO - Monitor check completed. Leads: 2
2025-11-10 19:46:22,818 - INFO - 🎉 Otkriveno 1 novih leadova!
2025-11-10 19:46:23,391 - INFO - ✅ Telegram alert poslat
2025-11-10 19:46:23,396 - INFO - Monitor check completed. Leads: 3
2025-11-10 19:46:53,436 - INFO - Monitor check completed. Leads: 3
2025-11-10 19:47:23,477 - INFO - Monitor check completed. Leads: 3
2025-11-10 19:47:53,515 - INFO - 🎉 Otkriveno 1 novih leadova!
2025-11-10 19:47:53,966 - INFO - ✅ Telegram alert poslat
2025-11-10 19:47:53,971 - INFO - Monitor check completed. Leads: 4
2025-11-10 19:48:24,014 - INFO - Monitor check completed. Leads: 4
2025-11-10 19:48:54,051 - INFO - Monitor check completed. Leads: 4
2025-11-10 19:49:24,115 - INFO - Monitor check completed. Leads: 4
2025-11-10 19:49:54,152 - INFO - Monitor check completed. Leads: 4
2025-11-10 19:50:24,224 - INFO - Monitor check completed. Leads: 4
2025-11-10 19:50:54,261 - INFO - Monitor check completed. Leads: 4
2025-11-10 19:51:24,296 - INFO - Monitor check completed. Leads: 4
2025-11-10 19:51:54,345 - INFO - Monitor check completed. Leads: 4
2025-11-10 19:52:24,384 - INFO - Monitor check completed. Leads: 4
2025-11-10 19:52:54,424 - INFO - Monitor check completed. Leads: 4
2025-11-10 19:53:24,459 - INFO - Monitor check completed. Leads: 4
2025-11-10 19:53:54,495 - INFO - Monitor check completed. Leads: 4
2025-11-10 19:54:24,553 - INFO - Monitor check completed. Leads: 4
2025-11-10 19:54:54,594 - INFO - Monitor check completed. Leads: 4
2025-11-10 19:55:24,629 - INFO - Monitor check completed. Leads: 4
2025-11-10 19:55:54,664 - INFO - Monitor check completed. Leads: 4
2025-11-10 19:56:24,703 - INFO - Monitor check completed. Leads: 4
2025-11-10 19:56:54,741 - INFO - Monitor check completed. Leads: 4
2025-11-10 19:57:24,781 - INFO - Monitor check completed. Leads: 4
2025-11-10 19:57:54,821 - INFO - Monitor check completed. Leads: 4
2025-11-10 19:58:24,857 - INFO - Monitor check completed. Leads: 4
2025-11-10 19:58:54,896 - INFO - Monitor check completed. Leads: 4
2025-11-10 19:59:24,935 - INFO - Monitor check completed. Leads: 4
2025-11-10 19:59:54,970 - INFO - Monitor check completed. Leads: 4
2025-11-10 20:00:25,705 - INFO - ✅ Telegram alert poslat
2025-11-10 20:00:25,708 - INFO - Monitor check completed. Leads: 4
2025-11-10 20:00:55,749 - INFO - 🎉 Otkriveno 1 novih leadova!
2025-11-10 20:00:56,253 - INFO - ✅ Telegram alert poslat
2025-11-10 20:00:56,698 - INFO - ✅ Telegram alert poslat
2025-11-10 20:00:56,700 - INFO - Monitor check completed. Leads: 5
2025-11-10 20:01:26,741 - INFO - Monitor check completed. Leads: 5
2025-11-10 20:01:56,777 - INFO - Monitor check completed. Leads: 5
2025-11-10 20:02:26,823 - INFO - Monitor check completed. Leads: 5
2025-11-10 20:02:56,857 - INFO - Monitor check completed. Leads: 5
2025-11-10 20:03:26,892 - INFO - Monitor check completed. Leads: 5
2025-11-10 20:03:56,928 - INFO - Monitor check completed. Leads: 5
2025-11-10 20:04:26,964 - INFO - Monitor check completed. Leads: 5
2025-11-10 20:04:56,999 - INFO - Monitor check completed. Leads: 5
2025-11-10 20:05:27,033 - INFO - Monitor check completed. Leads: 5
2025-11-10 20:05:57,067 - INFO - Monitor check completed. Leads: 5
2025-11-10 20:06:27,105 - INFO - Monitor check completed. Leads: 5
2025-11-10 20:06:57,143 - INFO - Monitor check completed. Leads: 5
2025-11-10 20:07:27,177 - INFO - Monitor check completed. Leads: 5
2025-11-10 20:07:57,213 - INFO - Monitor check completed. Leads: 5
2025-11-10 20:08:27,248 - INFO - Monitor check completed. Leads: 5
2025-11-10 20:08:57,282 - INFO - Monitor check completed. Leads: 5
2025-11-10 20:09:27,319 - INFO - 🎉 Otkriveno 1 novih leadova!
2025-11-10 20:09:27,685 - INFO - ✅ Telegram alert poslat
2025-11-10 20:09:27,686 - INFO - Monitor check completed. Leads: 6
2025-11-10 20:09:57,722 - INFO - Monitor check completed. Leads: 6
2025-11-10 20:10:27,756 - INFO - Monitor check completed. Leads: 6
2025-11-10 20:10:57,792 - INFO - Monitor check completed. Leads: 6
2025-11-10 20:11:27,834 - INFO - Monitor check completed. Leads: 6
2025-11-10 20:11:57,868 - INFO - Monitor check completed. Leads: 6
2025-11-10 20:12:27,908 - INFO - Monitor check completed. Leads: 6
2025-11-10 20:12:57,944 - INFO - Monitor check completed. Leads: 6
2025-11-10 20:13:27,978 - INFO - Monitor check completed. Leads: 6
2025-11-10 20:13:58,013 - INFO - Monitor check completed. Leads: 6
2025-11-10 20:14:28,047 - INFO - Monitor check completed. Leads: 6
2025-11-10 20:14:58,086 - INFO - Monitor check completed. Leads: 6
2025-11-10 20:15:28,122 - INFO - Monitor check completed. Leads: 6
2025-11-10 20:15:58,156 - INFO - Monitor check completed. Leads: 6
2025-11-10 20:16:28,191 - INFO - Monitor check completed. Leads: 6
2025-11-10 20:16:58,224 - INFO - Monitor check completed. Leads: 6
2025-11-10 20:17:28,259 - INFO - Monitor check completed. Leads: 6
2025-11-10 20:17:58,294 - INFO - Monitor check completed. Leads: 6
2025-11-10 20:18:28,331 - INFO - Monitor check completed. Leads: 6
2025-11-10 20:18:58,368 - INFO - Monitor check completed. Leads: 6
2025-11-10 20:19:28,437 - INFO - Monitor check completed. Leads: 6
2025-11-10 20:19:58,474 - INFO - Monitor check completed. Leads: 6
2025-11-10 20:20:28,524 - INFO - Monitor check completed. Leads: 6
2025-11-10 20:20:58,558 - INFO - Monitor check completed. Leads: 6
2025-11-10 20:21:28,593 - INFO - Monitor check completed. Leads: 6
2025-11-10 20:21:58,628 - INFO - Monitor check completed. Leads: 6
2025-11-10 20:22:28,665 - INFO - Monitor check completed. Leads: 6
2025-11-10 20:22:58,701 - INFO - Monitor check completed. Leads: 6
2025-11-10 20:23:28,738 - INFO - Monitor check completed. Leads: 6
2025-11-10 20:23:58,772 - INFO - Monitor check completed. Leads: 6
2025-11-10 20:24:28,807 - INFO - Monitor check completed. Leads: 6
2025-11-10 20:24:58,844 - INFO - Monitor check completed. Leads: 6
2025-11-10 20:25:28,878 - INFO - Monitor check completed. Leads: 6
2025-11-10 20:25:58,913 - INFO - Monitor check completed. Leads: 6
2025-11-10 20:26:28,948 - INFO - Monitor check completed. Leads: 6
2025-11-10 20:26:58,983 - INFO - Monitor check completed. Leads: 6
2025-11-10 20:27:29,016 - INFO - Monitor check completed. Leads: 6
2025-11-10 20:27:59,060 - INFO - Monitor check completed. Leads: 6
2025-11-10 20:28:29,095 - INFO - Monitor check completed. Leads: 6
2025-11-10 20:28:59,130 - INFO - Monitor check completed. Leads: 6
2025-11-10 20:29:29,164 - INFO - Monitor check completed. Leads: 6
2025-11-10 20:29:59,200 - INFO - Monitor check completed. Leads: 6
2025-11-10 20:30:29,839 - INFO - ✅ Telegram alert poslat
2025-11-10 20:30:29,841 - INFO - Monitor check completed. Leads: 6
2025-11-10 20:31:00,229 - INFO - ✅ Telegram alert poslat
2025-11-10 20:31:00,230 - INFO - Monitor check completed. Leads: 6
2025-11-10 20:31:30,264 - INFO - Monitor check completed. Leads: 6
2025-11-10 20:32:00,301 - INFO - Monitor check completed. Leads: 6
2025-11-10 20:32:30,336 - INFO - Monitor check completed. Leads: 6
2025-11-10 20:33:00,372 - INFO - Monitor check completed. Leads: 6
2025-11-10 20:33:30,406 - INFO - Monitor check completed. Leads: 6
2025-11-10 20:34:00,442 - INFO - Monitor check completed. Leads: 6
2025-11-10 20:34:30,478 - INFO - Monitor check completed. Leads: 6
2025-11-10 20:35:00,511 - INFO - Monitor check completed. Leads: 6
2025-11-10 20:35:30,546 - INFO - Monitor check completed. Leads: 6
2025-11-10 20:36:00,582 - INFO - Monitor check completed. Leads: 6
2025-11-10 20:36:30,617 - INFO - Monitor check completed. Leads: 6
2025-11-10 20:37:00,658 - INFO - Monitor check completed. Leads: 6
2025-11-10 20:37:30,696 - INFO - Monitor check completed. Leads: 6
2025-11-10 20:38:00,732 - INFO - Monitor check completed. Leads: 6
2025-11-10 20:38:30,767 - INFO - Monitor check completed. Leads: 6
2025-11-10 20:39:00,803 - INFO - Monitor check completed. Leads: 6
2025-11-10 20:39:30,839 - INFO - Monitor check completed. Leads: 6
2025-11-10 20:40:00,875 - INFO - Monitor check completed. Leads: 6
2025-11-10 20:40:30,912 - INFO - Monitor check completed. Leads: 6
2025-11-10 20:41:00,947 - INFO - Monitor check completed. Leads: 6
2025-11-10 20:41:30,980 - INFO - Monitor check completed. Leads: 6
2025-11-10 20:42:01,016 - INFO - Monitor check completed. Leads: 6
2025-11-10 20:42:31,052 - INFO - Monitor check completed. Leads: 6
2025-11-10 20:43:01,085 - INFO - Monitor check completed. Leads: 6
2025-11-10 20:43:31,136 - INFO - Monitor check completed. Leads: 6
2025-11-10 20:44:01,174 - INFO - Monitor check completed. Leads: 6
2025-11-10 20:44:31,209 - INFO - Monitor check completed. Leads: 6
2025-11-10 20:45:01,243 - INFO - Monitor check completed. Leads: 6
2025-11-10 20:45:31,277 - INFO - Monitor check completed. Leads: 6
2025-11-10 20:46:01,316 - INFO - Monitor check completed. Leads: 6
2025-11-10 20:46:31,351 - INFO - Monitor check completed. Leads: 6
2025-11-10 20:47:01,428 - INFO - Monitor check completed. Leads: 6
2025-11-10 20:47:31,464 - INFO - Monitor check completed. Leads: 6
2025-11-10 20:48:01,505 - INFO - Monitor check completed. Leads: 6
2025-11-10 20:48:31,540 - INFO - Monitor check completed. Leads: 6
2025-11-10 20:49:01,585 - INFO - Monitor check completed. Leads: 6
2025-11-10 20:49:31,623 - INFO - Monitor check completed. Leads: 6
2025-11-10 20:50:01,658 - INFO - Monitor check completed. Leads: 6
2025-11-10 20:50:31,692 - INFO - Monitor check completed. Leads: 6
2025-11-10 20:51:01,752 - INFO - Monitor check completed. Leads: 6
2025-11-10 20:51:31,786 - INFO - Monitor check completed. Leads: 6
2025-11-10 20:52:01,823 - INFO - Monitor check completed. Leads: 6
2025-11-10 20:52:31,858 - INFO - Monitor check completed. Leads: 6
2025-11-10 20:53:01,893 - INFO - Monitor check completed. Leads: 6
2025-11-10 20:53:31,928 - INFO - Monitor check completed. Leads: 6
2025-11-10 20:54:01,972 - INFO - Monitor check completed. Leads: 6
2025-11-10 20:54:32,006 - INFO - Monitor check completed. Leads: 6
2025-11-10 20:55:02,095 - INFO - Monitor check completed. Leads: 6
2025-11-10 20:55:32,129 - INFO - Monitor check completed. Leads: 6
2025-11-10 20:56:02,166 - INFO - Monitor check completed. Leads: 6
2025-11-10 20:56:32,201 - INFO - Monitor check completed. Leads: 6
2025-11-10 20:57:02,238 - INFO - Monitor check completed. Leads: 6
2025-11-10 20:57:32,275 - INFO - Monitor check completed. Leads: 6
2025-11-10 20:58:02,311 - INFO - Monitor check completed. Leads: 6
2025-11-10 20:58:32,350 - INFO - Monitor check completed. Leads: 6
2025-11-10 20:59:02,385 - INFO - Monitor check completed. Leads: 6
2025-11-10 20:59:32,419 - INFO - Monitor check completed. Leads: 6
2025-11-10 21:00:03,175 - INFO - ✅ Telegram alert poslat
2025-11-10 21:00:03,177 - INFO - Monitor check completed. Leads: 6
2025-11-10 21:00:33,594 - INFO - ✅ Telegram alert poslat
2025-11-10 21:00:33,595 - INFO - Monitor check completed. Leads: 6
2025-11-10 21:01:03,630 - INFO - Monitor check completed. Leads: 6
2025-11-10 21:01:33,664 - INFO - Monitor check completed. Leads: 6
2025-11-10 21:02:03,699 - INFO - Monitor check completed. Leads: 6
2025-11-10 21:02:33,737 - INFO - Monitor check completed. Leads: 6
2025-11-10 21:03:03,774 - INFO - Monitor check completed. Leads: 6
2025-11-10 21:03:33,807 - INFO - Monitor check completed. Leads: 6
2025-11-10 21:04:03,843 - INFO - Monitor check completed. Leads: 6
2025-11-10 21:04:33,879 - INFO - Monitor check completed. Leads: 6
2025-11-10 21:05:03,915 - INFO - Monitor check completed. Leads: 6
2025-11-10 21:05:33,949 - INFO - Monitor check completed. Leads: 6
2025-11-10 21:06:03,993 - INFO - Monitor check completed. Leads: 6
2025-11-10 21:06:34,029 - INFO - Monitor check completed. Leads: 6
2025-11-10 21:07:04,069 - INFO - Monitor check completed. Leads: 6
2025-11-10 21:07:34,102 - INFO - Monitor check completed. Leads: 6
2025-11-10 21:08:04,152 - INFO - Monitor check completed. Leads: 6
2025-11-10 21:08:34,187 - INFO - Monitor check completed. Leads: 6
2025-11-10 21:09:04,225 - INFO - Monitor check completed. Leads: 6
2025-11-10 21:09:34,259 - INFO - Monitor check completed. Leads: 6
2025-11-10 21:10:04,298 - INFO - Monitor check completed. Leads: 6
2025-11-10 21:10:34,332 - INFO - Monitor check completed. Leads: 6
2025-11-10 21:11:04,376 - INFO - Monitor check completed. Leads: 6
2025-11-10 21:11:34,411 - INFO - Monitor check completed. Leads: 6
2025-11-10 21:12:04,453 - INFO - Monitor check completed. Leads: 6
2025-11-10 21:12:34,490 - INFO - Monitor check completed. Leads: 6
2025-11-10 21:13:04,525 - INFO - Monitor check completed. Leads: 6
2025-11-10 21:13:34,558 - INFO - Monitor check completed. Leads: 6
2025-11-10 21:14:04,607 - INFO - Monitor check completed. Leads: 6
2025-11-10 21:14:34,643 - INFO - Monitor check completed. Leads: 6
2025-11-10 21:15:04,680 - INFO - Monitor check completed. Leads: 6
2025-11-10 21:15:34,715 - INFO - Monitor check completed. Leads: 6
2025-11-10 21:16:04,750 - INFO - Monitor check completed. Leads: 6
2025-11-10 21:16:34,788 - INFO - Monitor check completed. Leads: 6
2025-11-10 21:17:04,828 - INFO - Monitor check completed. Leads: 6
2025-11-10 21:17:34,863 - INFO - Monitor check completed. Leads: 6
2025-11-10 21:18:04,904 - INFO - Monitor check completed. Leads: 6
2025-11-10 21:18:34,940 - INFO - Monitor check completed. Leads: 6
2025-11-10 21:19:04,983 - INFO - Monitor check completed. Leads: 6
2025-11-10 21:19:35,020 - INFO - Monitor check completed. Leads: 6
2025-11-10 21:20:05,055 - INFO - Monitor check completed. Leads: 6
2025-11-10 21:20:35,091 - INFO - Monitor check completed. Leads: 6
2025-11-10 21:21:05,124 - INFO - Monitor check completed. Leads: 6
2025-11-10 21:21:35,158 - INFO - Monitor check completed. Leads: 6
2025-11-10 21:22:05,193 - INFO - Monitor check completed. Leads: 6
2025-11-10 21:22:35,228 - INFO - Monitor check completed. Leads: 6
2025-11-10 21:23:05,260 - INFO - Monitor check completed. Leads: 6
2025-11-10 21:23:35,339 - INFO - Monitor check completed. Leads: 6
2025-11-10 21:24:05,376 - INFO - Monitor check completed. Leads: 6
2025-11-10 21:24:35,412 - INFO - Monitor check completed. Leads: 6
2025-11-10 21:25:05,449 - INFO - Monitor check completed. Leads: 6
2025-11-10 21:25:35,485 - INFO - Monitor check completed. Leads: 6
2025-11-10 21:26:05,523 - INFO - Monitor check completed. Leads: 6
2025-11-10 21:26:35,559 - INFO - Monitor check completed. Leads: 6
2025-11-10 21:27:05,595 - INFO - Monitor check completed. Leads: 6
2025-11-10 21:27:35,631 - INFO - Monitor check completed. Leads: 6
2025-11-10 21:28:05,734 - INFO - Monitor check completed. Leads: 6
2025-11-10 21:28:35,769 - INFO - Monitor check completed. Leads: 6
2025-11-10 21:29:05,804 - INFO - Monitor check completed. Leads: 6
2025-11-10 21:29:35,838 - INFO - Monitor check completed. Leads: 6
2025-11-10 21:30:06,501 - INFO - ✅ Telegram alert poslat
2025-11-10 21:30:06,505 - INFO - Monitor check completed. Leads: 6
2025-11-10 21:30:36,881 - INFO - ✅ Telegram alert poslat
2025-11-10 21:30:36,883 - INFO - Monitor check completed. Leads: 6
2025-11-10 21:31:06,919 - INFO - Monitor check completed. Leads: 6
2025-11-10 21:31:36,955 - INFO - Monitor check completed. Leads: 6
2025-11-10 21:32:06,994 - INFO - Monitor check completed. Leads: 6
2025-11-10 21:32:37,029 - INFO - Monitor check completed. Leads: 6
2025-11-10 21:33:07,061 - INFO - Monitor check completed. Leads: 6
2025-11-10 21:33:37,095 - INFO - Monitor check completed. Leads: 6
2025-11-10 21:34:07,132 - INFO - Monitor check completed. Leads: 6
2025-11-10 21:34:37,166 - INFO - Monitor check completed. Leads: 6
2025-11-10 21:35:07,223 - INFO - Monitor check completed. Leads: 6
2025-11-10 21:35:37,258 - INFO - Monitor check completed. Leads: 6
2025-11-10 21:36:07,293 - INFO - Monitor check completed. Leads: 6
2025-11-10 21:36:37,330 - INFO - Monitor check completed. Leads: 6
2025-11-10 21:37:07,367 - INFO - Monitor check completed. Leads: 6
2025-11-10 21:37:37,401 - INFO - Monitor check completed. Leads: 6
2025-11-10 21:38:07,449 - INFO - Monitor check completed. Leads: 6
2025-11-10 21:38:37,484 - INFO - Monitor check completed. Leads: 6
2025-11-10 21:39:07,517 - INFO - Monitor check completed. Leads: 6
2025-11-10 21:39:37,552 - INFO - Monitor check completed. Leads: 6
2025-11-10 21:40:07,588 - INFO - Monitor check completed. Leads: 6
2025-11-10 21:40:37,623 - INFO - Monitor check completed. Leads: 6
2025-11-10 21:41:07,680 - INFO - Monitor check completed. Leads: 6
2025-11-10 21:41:37,714 - INFO - Monitor check completed. Leads: 6
2025-11-10 21:42:07,750 - INFO - Monitor check completed. Leads: 6
2025-11-10 21:42:37,790 - INFO - Monitor check completed. Leads: 6
2025-11-10 21:43:07,825 - INFO - Monitor check completed. Leads: 6
2025-11-10 21:43:37,859 - INFO - Monitor check completed. Leads: 6
2025-11-10 21:44:07,898 - INFO - Monitor check completed. Leads: 6
2025-11-10 21:44:37,933 - INFO - Monitor check completed. Leads: 6
2025-11-10 21:45:07,981 - INFO - 🎉 Otkriveno 1 novih leadova!
2025-11-10 21:45:08,838 - INFO - ✅ Telegram alert poslat
2025-11-10 21:45:08,854 - INFO - Monitor check completed. Leads: 7
2025-11-10 21:45:38,889 - INFO - Monitor check completed. Leads: 7
2025-11-10 21:46:08,925 - INFO - Monitor check completed. Leads: 7
2025-11-10 21:46:38,960 - INFO - Monitor check completed. Leads: 7
2025-11-10 21:47:09,001 - INFO - Monitor check completed. Leads: 7
2025-11-10 21:47:39,036 - INFO - Monitor check completed. Leads: 7
2025-11-10 21:48:09,064 - INFO - Monitor check completed. Leads: 7
2025-11-10 21:48:39,098 - INFO - Monitor check completed. Leads: 7
2025-11-10 21:49:09,135 - INFO - Monitor check completed. Leads: 7
2025-11-10 21:49:39,171 - INFO - Monitor check completed. Leads: 7
2025-11-10 21:50:09,208 - INFO - Monitor check completed. Leads: 7
2025-11-10 21:50:39,241 - INFO - Monitor check completed. Leads: 7
2025-11-10 21:51:09,275 - INFO - Monitor check completed. Leads: 7
2025-11-10 21:51:39,310 - INFO - Monitor check completed. Leads: 7
2025-11-10 21:52:09,351 - INFO - Monitor check completed. Leads: 7
2025-11-10 21:52:39,385 - INFO - Monitor check completed. Leads: 7
2025-11-10 21:53:09,419 - INFO - Monitor check completed. Leads: 7
2025-11-10 21:53:39,453 - INFO - Monitor check completed. Leads: 7
2025-11-10 21:54:09,490 - INFO - Monitor check completed. Leads: 7
2025-11-10 21:54:39,526 - INFO - Monitor check completed. Leads: 7
2025-11-10 21:55:09,562 - INFO - Monitor check completed. Leads: 7
2025-11-10 21:55:39,599 - INFO - Monitor check completed. Leads: 7
2025-11-10 21:56:09,634 - INFO - Monitor check completed. Leads: 7
2025-11-10 21:56:39,668 - INFO - Monitor check completed. Leads: 7
2025-11-10 21:57:09,704 - INFO - Monitor check completed. Leads: 7
2025-11-10 21:57:39,739 - INFO - Monitor check completed. Leads: 7
2025-11-10 21:58:09,775 - INFO - Monitor check completed. Leads: 7
2025-11-10 21:58:39,810 - INFO - Monitor check completed. Leads: 7
2025-11-10 21:59:09,847 - INFO - Monitor check completed. Leads: 7
2025-11-10 21:59:39,881 - INFO - Monitor check completed. Leads: 7
2025-11-10 22:00:10,398 - INFO - ✅ Telegram alert poslat
2025-11-10 22:00:10,400 - INFO - Monitor check completed. Leads: 7
2025-11-10 22:00:40,799 - INFO - ✅ Telegram alert poslat
2025-11-10 22:00:40,802 - INFO - Monitor check completed. Leads: 7
2025-11-10 22:01:10,839 - INFO - Monitor check completed. Leads: 7
2025-11-10 22:01:40,873 - INFO - Monitor check completed. Leads: 7
2025-11-10 22:02:10,910 - INFO - Monitor check completed. Leads: 7
2025-11-10 22:02:40,944 - INFO - Monitor check completed. Leads: 7
2025-11-10 22:03:10,980 - INFO - Monitor check completed. Leads: 7
2025-11-10 22:03:41,014 - INFO - Monitor check completed. Leads: 7
2025-11-10 22:04:11,053 - INFO - Monitor check completed. Leads: 7
2025-11-10 22:04:41,088 - INFO - Monitor check completed. Leads: 7
2025-11-10 22:05:11,126 - INFO - Monitor check completed. Leads: 7
2025-11-10 22:05:41,161 - INFO - Monitor check completed. Leads: 7
2025-11-10 22:06:11,207 - INFO - Monitor check completed. Leads: 7
2025-11-10 22:06:41,244 - INFO - Monitor check completed. Leads: 7
2025-11-10 22:07:11,279 - INFO - Monitor check completed. Leads: 7
2025-11-10 22:07:41,313 - INFO - Monitor check completed. Leads: 7
2025-11-10 22:08:11,355 - INFO - Monitor check completed. Leads: 7
2025-11-10 22:08:41,390 - INFO - Monitor check completed. Leads: 7
2025-11-10 22:09:11,426 - INFO - Monitor check completed. Leads: 7
2025-11-10 22:09:41,462 - INFO - Monitor check completed. Leads: 7
2025-11-10 22:10:11,497 - INFO - Monitor check completed. Leads: 7
2025-11-10 22:10:41,532 - INFO - Monitor check completed. Leads: 7
2025-11-10 22:11:11,567 - INFO - Monitor check completed. Leads: 7
2025-11-10 22:11:41,602 - INFO - Monitor check completed. Leads: 7
2025-11-10 22:12:11,639 - INFO - Monitor check completed. Leads: 7
2025-11-10 22:12:41,673 - INFO - Monitor check completed. Leads: 7
2025-11-10 22:13:11,709 - INFO - Monitor check completed. Leads: 7
2025-11-10 22:13:41,745 - INFO - Monitor check completed. Leads: 7
2025-11-10 22:14:11,784 - INFO - Monitor check completed. Leads: 7
2025-11-10 22:14:41,818 - INFO - Monitor check completed. Leads: 7
2025-11-10 22:15:11,855 - INFO - Monitor check completed. Leads: 7
2025-11-10 22:15:41,968 - INFO - Monitor check completed. Leads: 7
2025-11-10 22:16:12,004 - INFO - Monitor check completed. Leads: 7
2025-11-10 22:16:42,041 - INFO - Monitor check completed. Leads: 7
2025-11-10 22:17:12,076 - INFO - Monitor check completed. Leads: 7
2025-11-10 22:17:42,111 - INFO - Monitor check completed. Leads: 7
2025-11-10 22:18:12,147 - INFO - Monitor check completed. Leads: 7
2025-11-10 22:18:42,183 - INFO - Monitor check completed. Leads: 7
2025-11-10 22:19:12,217 - INFO - Monitor check completed. Leads: 7
2025-11-10 22:19:42,252 - INFO - Monitor check completed. Leads: 7
2025-11-10 22:20:12,410 - INFO - Monitor check completed. Leads: 7
2025-11-10 22:20:42,446 - INFO - Monitor check completed. Leads: 7
2025-11-10 22:21:12,483 - INFO - Monitor check completed. Leads: 7
2025-11-10 22:21:42,518 - INFO - Monitor check completed. Leads: 7
2025-11-10 22:22:12,558 - INFO - Monitor check completed. Leads: 7
2025-11-10 22:22:42,593 - INFO - Monitor check completed. Leads: 7
2025-11-10 22:23:12,631 - INFO - Monitor check completed. Leads: 7
2025-11-10 22:23:42,668 - INFO - Monitor check completed. Leads: 7
2025-11-10 22:24:12,704 - INFO - Monitor check completed. Leads: 7
2025-11-10 22:24:42,742 - INFO - Monitor check completed. Leads: 7
2025-11-10 22:25:12,779 - INFO - Monitor check completed. Leads: 7
2025-11-10 22:25:42,815 - INFO - Monitor check completed. Leads: 7
2025-11-10 22:26:12,849 - INFO - Monitor check completed. Leads: 7
2025-11-10 22:26:42,892 - INFO - Monitor check completed. Leads: 7
2025-11-10 22:27:12,927 - INFO - Monitor check completed. Leads: 7
2025-11-10 22:27:42,962 - INFO - Monitor check completed. Leads: 7
2025-11-10 22:28:12,998 - INFO - Monitor check completed. Leads: 7
2025-11-10 22:28:43,035 - INFO - Monitor check completed. Leads: 7
2025-11-10 22:29:13,121 - INFO - Monitor check completed. Leads: 7
2025-11-10 22:29:43,157 - INFO - Monitor check completed. Leads: 7
2025-11-10 22:30:13,663 - INFO - ✅ Telegram alert poslat
2025-11-10 22:30:13,666 - INFO - Monitor check completed. Leads: 7
2025-11-10 22:30:44,183 - INFO - ✅ Telegram alert poslat
2025-11-10 22:30:44,185 - INFO - Monitor check completed. Leads: 7
2025-11-10 22:31:14,220 - INFO - Monitor check completed. Leads: 7
2025-11-10 22:31:44,255 - INFO - Monitor check completed. Leads: 7
2025-11-10 22:32:14,291 - INFO - Monitor check completed. Leads: 7
2025-11-10 22:32:44,325 - INFO - Monitor check completed. Leads: 7
2025-11-10 22:33:14,359 - INFO - Monitor check completed. Leads: 7
2025-11-10 22:33:44,394 - INFO - Monitor check completed. Leads: 7
2025-11-10 22:34:14,430 - INFO - Monitor check completed. Leads: 7
2025-11-10 22:34:44,464 - INFO - Monitor check completed. Leads: 7
2025-11-10 22:35:14,498 - INFO - Monitor check completed. Leads: 7
2025-11-10 22:35:44,534 - INFO - Monitor check completed. Leads: 7
2025-11-10 22:36:14,570 - INFO - Monitor check completed. Leads: 7
2025-11-10 22:36:44,604 - INFO - Monitor check completed. Leads: 7
2025-11-10 22:37:14,641 - INFO - Monitor check completed. Leads: 7
2025-11-10 22:37:44,676 - INFO - Monitor check completed. Leads: 7
2025-11-10 22:38:14,712 - INFO - Monitor check completed. Leads: 7
2025-11-10 22:38:44,747 - INFO - Monitor check completed. Leads: 7
2025-11-10 22:39:14,783 - INFO - Monitor check completed. Leads: 7
2025-11-10 22:39:44,818 - INFO - Monitor check completed. Leads: 7
2025-11-10 22:40:14,852 - INFO - Monitor check completed. Leads: 7
2025-11-10 22:40:44,889 - INFO - Monitor check completed. Leads: 7
2025-11-10 22:41:14,923 - INFO - Monitor check completed. Leads: 7
2025-11-10 22:41:44,961 - INFO - Monitor check completed. Leads: 7
2025-11-10 22:42:14,997 - INFO - Monitor check completed. Leads: 7
2025-11-10 22:42:45,032 - INFO - Monitor check completed. Leads: 7
2025-11-10 22:43:15,069 - INFO - Monitor check completed. Leads: 7
2025-11-10 22:43:45,106 - INFO - Monitor check completed. Leads: 7
2025-11-10 22:44:15,144 - INFO - Monitor check completed. Leads: 7
2025-11-10 22:44:45,178 - INFO - Monitor check completed. Leads: 7
2025-11-10 22:45:15,212 - INFO - Monitor check completed. Leads: 7
2025-11-10 22:45:45,247 - INFO - Monitor check completed. Leads: 7
2025-11-10 22:46:15,285 - INFO - Monitor check completed. Leads: 7
2025-11-10 22:46:45,321 - INFO - Monitor check completed. Leads: 7
2025-11-10 22:47:15,355 - INFO - Monitor check completed. Leads: 7
2025-11-10 22:47:45,390 - INFO - Monitor check completed. Leads: 7
2025-11-10 22:48:15,430 - INFO - Monitor check completed. Leads: 7
2025-11-10 22:48:45,464 - INFO - Monitor check completed. Leads: 7
2025-11-10 22:49:15,499 - INFO - Monitor check completed. Leads: 7
2025-11-10 22:49:45,533 - INFO - Monitor check completed. Leads: 7
2025-11-10 22:50:15,569 - INFO - Monitor check completed. Leads: 7
2025-11-10 22:50:45,604 - INFO - Monitor check completed. Leads: 7
2025-11-10 22:51:15,638 - INFO - Monitor check completed. Leads: 7
2025-11-10 22:51:45,672 - INFO - Monitor check completed. Leads: 7
2025-11-10 22:52:15,709 - INFO - Monitor check completed. Leads: 7
2025-11-10 22:52:45,746 - INFO - Monitor check completed. Leads: 7
2025-11-10 22:53:15,783 - INFO - Monitor check completed. Leads: 7
2025-11-10 22:53:45,818 - INFO - Monitor check completed. Leads: 7
2025-11-10 22:54:15,853 - INFO - Monitor check completed. Leads: 7
2025-11-10 22:54:45,888 - INFO - Monitor check completed. Leads: 7
2025-11-10 22:55:15,921 - INFO - Monitor check completed. Leads: 7
2025-11-10 22:55:45,956 - INFO - Monitor check completed. Leads: 7
2025-11-10 22:56:15,993 - INFO - Monitor check completed. Leads: 7
2025-11-10 22:56:46,033 - INFO - Monitor check completed. Leads: 7
2025-11-10 22:57:16,068 - INFO - Monitor check completed. Leads: 7
2025-11-10 22:57:46,103 - INFO - Monitor check completed. Leads: 7
2025-11-10 22:58:16,139 - INFO - Monitor check completed. Leads: 7
2025-11-10 22:58:46,174 - INFO - Monitor check completed. Leads: 7
2025-11-10 22:59:16,208 - INFO - Monitor check completed. Leads: 7
2025-11-10 22:59:46,243 - INFO - Monitor check completed. Leads: 7
2025-11-10 23:00:16,836 - INFO - ✅ Telegram alert poslat
2025-11-10 23:00:16,838 - INFO - Monitor check completed. Leads: 7
2025-11-10 23:00:47,219 - INFO - ✅ Telegram alert poslat
2025-11-10 23:00:47,220 - INFO - Monitor check completed. Leads: 7
2025-11-10 23:01:17,257 - INFO - Monitor check completed. Leads: 7
2025-11-10 23:01:47,291 - INFO - Monitor check completed. Leads: 7
2025-11-10 23:02:17,327 - INFO - Monitor check completed. Leads: 7
2025-11-10 23:02:47,361 - INFO - Monitor check completed. Leads: 7
2025-11-10 23:03:17,396 - INFO - Monitor check completed. Leads: 7
2025-11-10 23:03:47,433 - INFO - Monitor check completed. Leads: 7
2025-11-10 23:04:17,468 - INFO - Monitor check completed. Leads: 7
2025-11-10 23:04:47,503 - INFO - Monitor check completed. Leads: 7
2025-11-10 23:05:17,539 - INFO - Monitor check completed. Leads: 7
2025-11-10 23:05:47,566 - INFO - Monitor check completed. Leads: 7
2025-11-10 23:06:17,604 - INFO - Monitor check completed. Leads: 7
2025-11-10 23:06:47,640 - INFO - Monitor check completed. Leads: 7
2025-11-10 23:07:17,675 - INFO - Monitor check completed. Leads: 7
2025-11-10 23:07:47,710 - INFO - Monitor check completed. Leads: 7
2025-11-10 23:08:17,746 - INFO - Monitor check completed. Leads: 7
2025-11-10 23:08:47,780 - INFO - Monitor check completed. Leads: 7
2025-11-10 23:09:17,815 - INFO - Monitor check completed. Leads: 7
2025-11-10 23:09:47,850 - INFO - Monitor check completed. Leads: 7
2025-11-10 23:10:17,886 - INFO - Monitor check completed. Leads: 7
2025-11-10 23:10:47,921 - INFO - Monitor check completed. Leads: 7
2025-11-10 23:11:17,956 - INFO - Monitor check completed. Leads: 7
2025-11-10 23:11:47,991 - INFO - Monitor check completed. Leads: 7
2025-11-10 23:12:18,026 - INFO - Monitor check completed. Leads: 7
2025-11-10 23:12:48,062 - INFO - Monitor check completed. Leads: 7
2025-11-10 23:13:18,096 - INFO - Monitor check completed. Leads: 7
2025-11-10 23:13:48,131 - INFO - Monitor check completed. Leads: 7
2025-11-10 23:14:18,167 - INFO - Monitor check completed. Leads: 7
2025-11-10 23:14:48,203 - INFO - Monitor check completed. Leads: 7
2025-11-10 23:15:18,243 - INFO - Monitor check completed. Leads: 7
2025-11-10 23:15:48,277 - INFO - Monitor check completed. Leads: 7
2025-11-10 23:16:18,313 - INFO - Monitor check completed. Leads: 7
2025-11-10 23:16:48,349 - INFO - Monitor check completed. Leads: 7
2025-11-10 23:17:18,383 - INFO - Monitor check completed. Leads: 7
2025-11-10 23:17:48,419 - INFO - Monitor check completed. Leads: 7
2025-11-10 23:18:18,466 - INFO - Monitor check completed. Leads: 7
2025-11-10 23:18:48,500 - INFO - Monitor check completed. Leads: 7
2025-11-10 23:19:18,534 - INFO - Monitor check completed. Leads: 7
2025-11-10 23:19:48,574 - INFO - Monitor check completed. Leads: 7
2025-11-10 23:20:18,625 - INFO - Monitor check completed. Leads: 7
2025-11-10 23:20:48,660 - INFO - Monitor check completed. Leads: 7
2025-11-10 23:21:18,694 - INFO - Monitor check completed. Leads: 7
2025-11-10 23:21:48,729 - INFO - Monitor check completed. Leads: 7
2025-11-10 23:22:18,764 - INFO - Monitor check completed. Leads: 7
2025-11-10 23:22:48,800 - INFO - Monitor check completed. Leads: 7
2025-11-10 23:23:18,835 - INFO - Monitor check completed. Leads: 7
2025-11-10 23:23:48,870 - INFO - Monitor check completed. Leads: 7
2025-11-10 23:24:18,906 - INFO - Monitor check completed. Leads: 7
2025-11-10 23:24:48,943 - INFO - Monitor check completed. Leads: 7
2025-11-10 23:25:18,978 - INFO - Monitor check completed. Leads: 7
2025-11-10 23:25:49,012 - INFO - Monitor check completed. Leads: 7
2025-11-10 23:26:19,046 - INFO - Monitor check completed. Leads: 7
2025-11-10 23:26:49,081 - INFO - Monitor check completed. Leads: 7
2025-11-10 23:27:19,115 - INFO - Monitor check completed. Leads: 7
2025-11-10 23:27:49,150 - INFO - Monitor check completed. Leads: 7
2025-11-10 23:28:19,185 - INFO - Monitor check completed. Leads: 7
2025-11-10 23:28:49,221 - INFO - Monitor check completed. Leads: 7
2025-11-10 23:29:19,255 - INFO - Monitor check completed. Leads: 7
2025-11-10 23:29:49,290 - INFO - Monitor check completed. Leads: 7
2025-11-10 23:30:19,791 - INFO - ✅ Telegram alert poslat
2025-11-10 23:30:19,793 - INFO - Monitor check completed. Leads: 7
2025-11-10 23:30:50,147 - INFO - ✅ Telegram alert poslat
2025-11-10 23:30:50,148 - INFO - Monitor check completed. Leads: 7
2025-11-10 23:31:20,183 - INFO - Monitor check completed. Leads: 7
2025-11-10 23:31:50,217 - INFO - Monitor check completed. Leads: 7
2025-11-10 23:32:20,255 - INFO - Monitor check completed. Leads: 7
2025-11-10 23:32:50,289 - INFO - Monitor check completed. Leads: 7
2025-11-10 23:33:20,324 - INFO - Monitor check completed. Leads: 7
2025-11-10 23:33:50,359 - INFO - Monitor check completed. Leads: 7
2025-11-10 23:34:20,393 - INFO - Monitor check completed. Leads: 7
2025-11-10 23:34:50,429 - INFO - Monitor check completed. Leads: 7
2025-11-10 23:35:20,468 - INFO - Monitor check completed. Leads: 7
2025-11-10 23:35:50,503 - INFO - Monitor check completed. Leads: 7
2025-11-10 23:36:20,538 - INFO - Monitor check completed. Leads: 7
2025-11-10 23:36:50,572 - INFO - Monitor check completed. Leads: 7
2025-11-10 23:37:20,606 - INFO - Monitor check completed. Leads: 7
2025-11-10 23:37:50,640 - INFO - Monitor check completed. Leads: 7
2025-11-10 23:38:20,676 - INFO - Monitor check completed. Leads: 7
2025-11-10 23:38:50,709 - INFO - Monitor check completed. Leads: 7
2025-11-10 23:39:20,746 - INFO - Monitor check completed. Leads: 7
2025-11-10 23:39:50,781 - INFO - Monitor check completed. Leads: 7
2025-11-10 23:40:20,817 - INFO - Monitor check completed. Leads: 7
2025-11-10 23:40:50,852 - INFO - Monitor check completed. Leads: 7
2025-11-10 23:41:20,887 - INFO - Monitor check completed. Leads: 7
2025-11-10 23:41:50,921 - INFO - Monitor check completed. Leads: 7
2025-11-10 23:42:20,955 - INFO - Monitor check completed. Leads: 7
2025-11-10 23:42:50,991 - INFO - Monitor check completed. Leads: 7
2025-11-10 23:43:21,025 - INFO - Monitor check completed. Leads: 7
2025-11-10 23:43:51,078 - INFO - Monitor check completed. Leads: 7
2025-11-10 23:44:21,117 - INFO - Monitor check completed. Leads: 7
2025-11-10 23:44:51,153 - INFO - Monitor check completed. Leads: 7
2025-11-10 23:45:21,188 - INFO - Monitor check completed. Leads: 7
2025-11-10 23:45:51,236 - INFO - Monitor check completed. Leads: 7
2025-11-10 23:46:21,272 - INFO - Monitor check completed. Leads: 7
2025-11-10 23:46:51,308 - INFO - Monitor check completed. Leads: 7
2025-11-10 23:47:21,344 - INFO - Monitor check completed. Leads: 7
2025-11-10 23:47:51,381 - INFO - Monitor check completed. Leads: 7
2025-11-10 23:48:21,422 - INFO - Monitor check completed. Leads: 7
2025-11-10 23:48:51,457 - INFO - Monitor check completed. Leads: 7
2025-11-10 23:49:21,492 - INFO - Monitor check completed. Leads: 7
2025-11-10 23:49:51,528 - INFO - Monitor check completed. Leads: 7
2025-11-10 23:50:21,572 - INFO - Monitor check completed. Leads: 7
2025-11-10 23:50:51,610 - INFO - Monitor check completed. Leads: 7
2025-11-10 23:51:21,644 - INFO - Monitor check completed. Leads: 7
2025-11-10 23:51:51,680 - INFO - Monitor check completed. Leads: 7
2025-11-10 23:52:21,720 - INFO - Monitor check completed. Leads: 7
2025-11-10 23:52:51,756 - INFO - Monitor check completed. Leads: 7
2025-11-10 23:53:21,792 - INFO - Monitor check completed. Leads: 7
2025-11-10 23:53:51,826 - INFO - Monitor check completed. Leads: 7
2025-11-10 23:54:21,869 - INFO - Monitor check completed. Leads: 7
2025-11-10 23:54:51,905 - INFO - Monitor check completed. Leads: 7
2025-11-10 23:55:21,941 - INFO - Monitor check completed. Leads: 7
2025-11-10 23:55:51,976 - INFO - Monitor check completed. Leads: 7
2025-11-10 23:56:22,012 - INFO - Monitor check completed. Leads: 7
2025-11-10 23:56:52,047 - INFO - Monitor check completed. Leads: 7
2025-11-10 23:57:22,081 - INFO - Monitor check completed. Leads: 7
2025-11-10 23:57:52,115 - INFO - Monitor check completed. Leads: 7
2025-11-10 23:58:22,151 - INFO - Monitor check completed. Leads: 7
2025-11-10 23:58:52,187 - INFO - Monitor check completed. Leads: 7
2025-11-10 23:59:22,221 - INFO - Monitor check completed. Leads: 7
2025-11-10 23:59:52,256 - INFO - Monitor check completed. Leads: 7
2025-11-11 00:00:22,746 - INFO - ✅ Telegram alert poslat
2025-11-11 00:00:22,749 - INFO - Monitor check completed. Leads: 7
2025-11-11 00:00:53,163 - INFO - ✅ Telegram alert poslat
2025-11-11 00:00:53,165 - INFO - Monitor check completed. Leads: 7
2025-11-11 00:01:23,200 - INFO - Monitor check completed. Leads: 7
2025-11-11 00:01:53,234 - INFO - Monitor check completed. Leads: 7
2025-11-11 00:02:23,271 - INFO - Monitor check completed. Leads: 7
2025-11-11 00:02:53,306 - INFO - Monitor check completed. Leads: 7
2025-11-11 00:03:23,341 - INFO - Monitor check completed. Leads: 7
2025-11-11 00:03:53,375 - INFO - Monitor check completed. Leads: 7
2025-11-11 00:04:23,412 - INFO - Monitor check completed. Leads: 7
2025-11-11 00:04:53,447 - INFO - Monitor check completed. Leads: 7
2025-11-11 00:05:23,485 - INFO - Monitor check completed. Leads: 7
2025-11-11 00:05:53,520 - INFO - Monitor check completed. Leads: 7
2025-11-11 00:06:23,557 - INFO - Monitor check completed. Leads: 7
2025-11-11 00:06:53,592 - INFO - Monitor check completed. Leads: 7
2025-11-11 00:07:23,624 - INFO - Monitor check completed. Leads: 7
2025-11-11 00:07:53,660 - INFO - Monitor check completed. Leads: 7
2025-11-11 00:08:23,697 - INFO - Monitor check completed. Leads: 7
2025-11-11 00:08:53,732 - INFO - Monitor check completed. Leads: 7
2025-11-11 00:09:23,768 - INFO - Monitor check completed. Leads: 7
2025-11-11 00:09:53,802 - INFO - Monitor check completed. Leads: 7
2025-11-11 00:10:23,840 - INFO - Monitor check completed. Leads: 7
2025-11-11 00:10:53,876 - INFO - Monitor check completed. Leads: 7
2025-11-11 00:11:23,919 - INFO - Monitor check completed. Leads: 7
2025-11-11 00:11:53,954 - INFO - Monitor check completed. Leads: 7
2025-11-11 00:12:24,022 - INFO - Monitor check completed. Leads: 7
2025-11-11 00:12:54,059 - INFO - Monitor check completed. Leads: 7
2025-11-11 00:13:24,095 - INFO - Monitor check completed. Leads: 7
2025-11-11 00:13:54,130 - INFO - Monitor check completed. Leads: 7
2025-11-11 00:14:24,166 - INFO - Monitor check completed. Leads: 7
2025-11-11 00:14:54,202 - INFO - Monitor check completed. Leads: 7
2025-11-11 00:15:24,238 - INFO - Monitor check completed. Leads: 7
2025-11-11 00:15:54,286 - INFO - Monitor check completed. Leads: 7
2025-11-11 00:16:24,321 - INFO - Monitor check completed. Leads: 7
2025-11-11 00:16:54,359 - INFO - Monitor check completed. Leads: 7
2025-11-11 00:17:24,393 - INFO - Monitor check completed. Leads: 7
2025-11-11 00:17:54,428 - INFO - Monitor check completed. Leads: 7
2025-11-11 00:18:24,464 - INFO - Monitor check completed. Leads: 7
2025-11-11 00:18:54,499 - INFO - Monitor check completed. Leads: 7
2025-11-11 00:19:24,535 - INFO - Monitor check completed. Leads: 7
2025-11-11 00:19:54,569 - INFO - Monitor check completed. Leads: 7
2025-11-11 00:20:24,606 - INFO - Monitor check completed. Leads: 7
2025-11-11 00:20:54,641 - INFO - Monitor check completed. Leads: 7
2025-11-11 00:21:24,676 - INFO - Monitor check completed. Leads: 7
2025-11-11 00:21:54,712 - INFO - Monitor check completed. Leads: 7
2025-11-11 00:22:24,748 - INFO - Monitor check completed. Leads: 7
2025-11-11 00:22:54,785 - INFO - Monitor check completed. Leads: 7
2025-11-11 00:23:24,821 - INFO - Monitor check completed. Leads: 7
2025-11-11 00:23:54,856 - INFO - Monitor check completed. Leads: 7
2025-11-11 00:24:24,901 - INFO - Monitor check completed. Leads: 7
2025-11-11 00:24:54,936 - INFO - Monitor check completed. Leads: 7
2025-11-11 00:25:24,969 - INFO - Monitor check completed. Leads: 7
2025-11-11 00:25:55,005 - INFO - Monitor check completed. Leads: 7
2025-11-11 00:26:25,040 - INFO - Monitor check completed. Leads: 7
2025-11-11 00:26:55,075 - INFO - Monitor check completed. Leads: 7
2025-11-11 00:27:25,110 - INFO - Monitor check completed. Leads: 7
2025-11-11 00:27:55,144 - INFO - Monitor check completed. Leads: 7
2025-11-11 00:28:25,180 - INFO - Monitor check completed. Leads: 7
2025-11-11 00:28:55,216 - INFO - Monitor check completed. Leads: 7
2025-11-11 00:29:25,251 - INFO - Monitor check completed. Leads: 7
2025-11-11 00:29:55,285 - INFO - Monitor check completed. Leads: 7
2025-11-11 00:30:25,791 - INFO - ✅ Telegram alert poslat
2025-11-11 00:30:25,794 - INFO - Monitor check completed. Leads: 7
2025-11-11 00:30:56,179 - INFO - ✅ Telegram alert poslat
2025-11-11 00:30:56,181 - INFO - Monitor check completed. Leads: 7
2025-11-11 00:31:26,221 - INFO - Monitor check completed. Leads: 7
2025-11-11 00:31:56,255 - INFO - Monitor check completed. Leads: 7
2025-11-11 00:32:26,290 - INFO - Monitor check completed. Leads: 7
2025-11-11 00:32:56,325 - INFO - Monitor check completed. Leads: 7
2025-11-11 00:33:26,359 - INFO - Monitor check completed. Leads: 7
2025-11-11 00:33:56,394 - INFO - Monitor check completed. Leads: 7
2025-11-11 00:34:26,432 - INFO - Monitor check completed. Leads: 7
2025-11-11 00:34:56,466 - INFO - Monitor check completed. Leads: 7
2025-11-11 00:35:26,500 - INFO - Monitor check completed. Leads: 7
2025-11-11 00:35:56,535 - INFO - Monitor check completed. Leads: 7
2025-11-11 00:36:26,570 - INFO - Monitor check completed. Leads: 7
2025-11-11 00:36:56,604 - INFO - Monitor check completed. Leads: 7
2025-11-11 00:37:26,639 - INFO - Monitor check completed. Leads: 7
2025-11-11 00:37:56,673 - INFO - Monitor check completed. Leads: 7
2025-11-11 00:38:26,707 - INFO - Monitor check completed. Leads: 7
2025-11-11 00:38:56,742 - INFO - Monitor check completed. Leads: 7
2025-11-11 00:39:26,777 - INFO - Monitor check completed. Leads: 7
2025-11-11 00:39:56,811 - INFO - Monitor check completed. Leads: 7
2025-11-11 00:40:26,847 - INFO - Monitor check completed. Leads: 7
2025-11-11 00:40:56,881 - INFO - Monitor check completed. Leads: 7
2025-11-11 00:41:26,917 - INFO - Monitor check completed. Leads: 7
2025-11-11 00:41:56,950 - INFO - Monitor check completed. Leads: 7
2025-11-11 00:42:26,986 - INFO - Monitor check completed. Leads: 7
2025-11-11 00:42:57,022 - INFO - Monitor check completed. Leads: 7
2025-11-11 00:43:27,057 - INFO - Monitor check completed. Leads: 7
2025-11-11 00:43:57,090 - INFO - Monitor check completed. Leads: 7
2025-11-11 00:44:27,130 - INFO - Monitor check completed. Leads: 7
2025-11-11 00:44:57,165 - INFO - Monitor check completed. Leads: 7
2025-11-11 00:45:27,200 - INFO - Monitor check completed. Leads: 7
2025-11-11 00:45:57,235 - INFO - Monitor check completed. Leads: 7
2025-11-11 00:46:27,270 - INFO - Monitor check completed. Leads: 7
2025-11-11 00:46:57,305 - INFO - Monitor check completed. Leads: 7
2025-11-11 00:47:27,339 - INFO - Monitor check completed. Leads: 7
2025-11-11 00:47:57,373 - INFO - Monitor check completed. Leads: 7
2025-11-11 00:48:27,409 - INFO - Monitor check completed. Leads: 7
2025-11-11 00:48:57,445 - INFO - Monitor check completed. Leads: 7
2025-11-11 00:49:27,479 - INFO - Monitor check completed. Leads: 7
2025-11-11 00:49:57,513 - INFO - Monitor check completed. Leads: 7
2025-11-11 00:50:27,550 - INFO - Monitor check completed. Leads: 7
2025-11-11 00:50:57,585 - INFO - Monitor check completed. Leads: 7
2025-11-11 00:51:27,619 - INFO - Monitor check completed. Leads: 7
2025-11-11 00:51:57,655 - INFO - Monitor check completed. Leads: 7
2025-11-11 00:52:27,691 - INFO - Monitor check completed. Leads: 7
2025-11-11 00:52:57,726 - INFO - Monitor check completed. Leads: 7
2025-11-11 00:53:27,760 - INFO - Monitor check completed. Leads: 7
2025-11-11 00:53:57,795 - INFO - Monitor check completed. Leads: 7
2025-11-11 00:54:27,831 - INFO - Monitor check completed. Leads: 7
2025-11-11 00:54:57,866 - INFO - Monitor check completed. Leads: 7
2025-11-11 00:55:27,901 - INFO - Monitor check completed. Leads: 7
2025-11-11 00:55:57,936 - INFO - Monitor check completed. Leads: 7
2025-11-11 00:56:27,971 - INFO - Monitor check completed. Leads: 7
2025-11-11 00:56:58,005 - INFO - Monitor check completed. Leads: 7
2025-11-11 00:57:28,039 - INFO - Monitor check completed. Leads: 7
2025-11-11 00:57:58,073 - INFO - Monitor check completed. Leads: 7
2025-11-11 00:58:28,108 - INFO - Monitor check completed. Leads: 7
2025-11-11 00:58:58,143 - INFO - Monitor check completed. Leads: 7
2025-11-11 00:59:28,178 - INFO - Monitor check completed. Leads: 7
2025-11-11 00:59:58,212 - INFO - Monitor check completed. Leads: 7
2025-11-11 01:00:28,708 - INFO - ✅ Telegram alert poslat
2025-11-11 01:00:28,711 - INFO - Monitor check completed. Leads: 7
2025-11-11 01:00:59,125 - INFO - ✅ Telegram alert poslat
2025-11-11 01:00:59,128 - INFO - Monitor check completed. Leads: 7
2025-11-11 01:01:29,163 - INFO - Monitor check completed. Leads: 7
2025-11-11 01:01:59,200 - INFO - Monitor check completed. Leads: 7
2025-11-11 01:02:29,236 - INFO - Monitor check completed. Leads: 7
2025-11-11 01:02:59,274 - INFO - Monitor check completed. Leads: 7
2025-11-11 01:03:29,310 - INFO - Monitor check completed. Leads: 7
2025-11-11 01:03:59,344 - INFO - Monitor check completed. Leads: 7
2025-11-11 01:04:29,381 - INFO - Monitor check completed. Leads: 7
2025-11-11 01:04:59,416 - INFO - Monitor check completed. Leads: 7
2025-11-11 01:05:29,450 - INFO - Monitor check completed. Leads: 7
2025-11-11 01:05:59,485 - INFO - Monitor check completed. Leads: 7
2025-11-11 01:06:29,521 - INFO - Monitor check completed. Leads: 7
2025-11-11 01:06:59,556 - INFO - Monitor check completed. Leads: 7
2025-11-11 01:07:29,590 - INFO - Monitor check completed. Leads: 7
2025-11-11 01:07:59,626 - INFO - Monitor check completed. Leads: 7
2025-11-11 01:08:29,662 - INFO - Monitor check completed. Leads: 7
2025-11-11 01:08:59,698 - INFO - Monitor check completed. Leads: 7
2025-11-11 01:09:29,734 - INFO - Monitor check completed. Leads: 7
2025-11-11 01:09:59,770 - INFO - Monitor check completed. Leads: 7
2025-11-11 01:10:29,805 - INFO - Monitor check completed. Leads: 7
2025-11-11 01:10:59,842 - INFO - Monitor check completed. Leads: 7
2025-11-11 01:11:29,876 - INFO - Monitor check completed. Leads: 7
2025-11-11 01:11:59,912 - INFO - Monitor check completed. Leads: 7
2025-11-11 01:12:29,948 - INFO - Monitor check completed. Leads: 7
2025-11-11 01:12:59,982 - INFO - Monitor check completed. Leads: 7
2025-11-11 01:13:30,017 - INFO - Monitor check completed. Leads: 7
2025-11-11 01:14:00,054 - INFO - Monitor check completed. Leads: 7
2025-11-11 01:14:30,089 - INFO - Monitor check completed. Leads: 7
2025-11-11 01:15:00,123 - INFO - Monitor check completed. Leads: 7
2025-11-11 01:15:30,159 - INFO - Monitor check completed. Leads: 7
2025-11-11 01:16:00,195 - INFO - Monitor check completed. Leads: 7
2025-11-11 01:16:30,229 - INFO - Monitor check completed. Leads: 7
2025-11-11 01:17:00,263 - INFO - Monitor check completed. Leads: 7
2025-11-11 01:17:30,298 - INFO - Monitor check completed. Leads: 7
2025-11-11 01:18:00,334 - INFO - Monitor check completed. Leads: 7
2025-11-11 01:18:30,369 - INFO - Monitor check completed. Leads: 7
2025-11-11 01:19:00,403 - INFO - Monitor check completed. Leads: 7
2025-11-11 01:19:30,437 - INFO - Monitor check completed. Leads: 7
2025-11-11 01:20:00,473 - INFO - Monitor check completed. Leads: 7
2025-11-11 01:20:30,508 - INFO - Monitor check completed. Leads: 7
2025-11-11 01:21:00,543 - INFO - Monitor check completed. Leads: 7
2025-11-11 01:21:30,577 - INFO - Monitor check completed. Leads: 7
2025-11-11 01:22:00,613 - INFO - Monitor check completed. Leads: 7
2025-11-11 01:22:30,649 - INFO - Monitor check completed. Leads: 7
2025-11-11 01:23:00,684 - INFO - Monitor check completed. Leads: 7
2025-11-11 01:23:30,719 - INFO - Monitor check completed. Leads: 7
2025-11-11 01:24:00,755 - INFO - Monitor check completed. Leads: 7
2025-11-11 01:24:30,791 - INFO - Monitor check completed. Leads: 7
2025-11-11 01:25:00,827 - INFO - Monitor check completed. Leads: 7
2025-11-11 01:25:30,862 - INFO - Monitor check completed. Leads: 7
2025-11-11 01:26:00,899 - INFO - Monitor check completed. Leads: 7
2025-11-11 01:26:30,938 - INFO - Monitor check completed. Leads: 7
2025-11-11 01:27:00,972 - INFO - Monitor check completed. Leads: 7
2025-11-11 01:27:31,006 - INFO - Monitor check completed. Leads: 7
2025-11-11 01:28:01,040 - INFO - Monitor check completed. Leads: 7
2025-11-11 01:28:31,074 - INFO - Monitor check completed. Leads: 7
2025-11-11 01:29:01,109 - INFO - Monitor check completed. Leads: 7
2025-11-11 01:29:31,145 - INFO - Monitor check completed. Leads: 7
2025-11-11 01:30:01,689 - INFO - ✅ Telegram alert poslat
2025-11-11 01:30:01,694 - INFO - Monitor check completed. Leads: 7
2025-11-11 01:30:32,074 - INFO - ✅ Telegram alert poslat
2025-11-11 01:30:32,076 - INFO - Monitor check completed. Leads: 7
2025-11-11 01:31:02,115 - INFO - Monitor check completed. Leads: 7
2025-11-11 01:31:32,145 - INFO - Monitor check completed. Leads: 7
2025-11-11 01:32:02,182 - INFO - Monitor check completed. Leads: 7
2025-11-11 01:32:32,219 - INFO - Monitor check completed. Leads: 7
2025-11-11 01:33:02,260 - INFO - Monitor check completed. Leads: 7
2025-11-11 01:33:32,294 - INFO - Monitor check completed. Leads: 7
2025-11-11 01:34:02,336 - INFO - Monitor check completed. Leads: 7
2025-11-11 01:34:32,372 - INFO - Monitor check completed. Leads: 7
2025-11-11 01:35:02,409 - INFO - Monitor check completed. Leads: 7
2025-11-11 01:35:32,444 - INFO - Monitor check completed. Leads: 7
2025-11-11 01:36:02,484 - INFO - Monitor check completed. Leads: 7
2025-11-11 01:36:32,518 - INFO - Monitor check completed. Leads: 7
2025-11-11 01:37:02,554 - INFO - Monitor check completed. Leads: 7
2025-11-11 01:37:32,589 - INFO - Monitor check completed. Leads: 7
2025-11-11 01:38:02,625 - INFO - Monitor check completed. Leads: 7
2025-11-11 01:38:32,659 - INFO - Monitor check completed. Leads: 7
2025-11-11 01:39:02,713 - INFO - Monitor check completed. Leads: 7
2025-11-11 01:39:32,751 - INFO - Monitor check completed. Leads: 7
2025-11-11 01:40:02,789 - INFO - Monitor check completed. Leads: 7
2025-11-11 01:40:32,825 - INFO - Monitor check completed. Leads: 7
2025-11-11 01:41:02,861 - INFO - Monitor check completed. Leads: 7
2025-11-11 01:41:32,896 - INFO - Monitor check completed. Leads: 7
2025-11-11 01:42:02,933 - INFO - Monitor check completed. Leads: 7
2025-11-11 01:42:32,969 - INFO - Monitor check completed. Leads: 7
2025-11-11 01:43:03,005 - INFO - Monitor check completed. Leads: 7
2025-11-11 01:43:33,040 - INFO - Monitor check completed. Leads: 7
2025-11-11 01:44:03,084 - INFO - Monitor check completed. Leads: 7
2025-11-11 01:44:33,120 - INFO - Monitor check completed. Leads: 7
2025-11-11 01:45:03,163 - INFO - Monitor check completed. Leads: 7
2025-11-11 01:45:33,203 - INFO - Monitor check completed. Leads: 7
2025-11-11 01:46:03,238 - INFO - Monitor check completed. Leads: 7
2025-11-11 01:46:33,272 - INFO - Monitor check completed. Leads: 7
2025-11-11 01:47:03,307 - INFO - Monitor check completed. Leads: 7
2025-11-11 01:47:33,341 - INFO - Monitor check completed. Leads: 7
2025-11-11 01:48:03,379 - INFO - Monitor check completed. Leads: 7
2025-11-11 01:48:33,414 - INFO - Monitor check completed. Leads: 7
2025-11-11 01:49:03,454 - INFO - Monitor check completed. Leads: 7
2025-11-11 01:49:33,488 - INFO - Monitor check completed. Leads: 7
2025-11-11 01:50:03,524 - INFO - Monitor check completed. Leads: 7
2025-11-11 01:50:33,547 - INFO - Monitor check completed. Leads: 7
2025-11-11 01:51:03,589 - INFO - Monitor check completed. Leads: 7
2025-11-11 01:51:33,625 - INFO - Monitor check completed. Leads: 7
2025-11-11 01:52:03,667 - INFO - Monitor check completed. Leads: 7
2025-11-11 01:52:33,702 - INFO - Monitor check completed. Leads: 7
2025-11-11 01:53:03,737 - INFO - Monitor check completed. Leads: 7
2025-11-11 01:53:33,773 - INFO - Monitor check completed. Leads: 7
2025-11-11 01:54:03,820 - INFO - Monitor check completed. Leads: 7
2025-11-11 01:54:33,855 - INFO - Monitor check completed. Leads: 7
2025-11-11 01:55:03,889 - INFO - Monitor check completed. Leads: 7
2025-11-11 01:55:33,923 - INFO - Monitor check completed. Leads: 7
2025-11-11 01:56:03,966 - INFO - Monitor check completed. Leads: 7
2025-11-11 01:56:34,002 - INFO - Monitor check completed. Leads: 7
2025-11-11 01:57:04,044 - INFO - Monitor check completed. Leads: 7
2025-11-11 01:57:34,082 - INFO - Monitor check completed. Leads: 7
2025-11-11 01:58:04,119 - INFO - Monitor check completed. Leads: 7
2025-11-11 01:58:34,158 - INFO - Monitor check completed. Leads: 7
2025-11-11 01:59:04,197 - INFO - Monitor check completed. Leads: 7
2025-11-11 01:59:34,236 - INFO - Monitor check completed. Leads: 7
2025-11-11 02:00:05,150 - INFO - ✅ Telegram alert poslat
2025-11-11 02:00:05,154 - INFO - Monitor check completed. Leads: 7
2025-11-11 02:00:35,643 - INFO - ✅ Telegram alert poslat
2025-11-11 02:00:35,644 - INFO - Monitor check completed. Leads: 7
2025-11-11 02:01:05,690 - INFO - Monitor check completed. Leads: 7
2025-11-11 02:01:35,753 - INFO - Monitor check completed. Leads: 7
2025-11-11 02:02:05,790 - INFO - Monitor check completed. Leads: 7
2025-11-11 02:02:35,828 - INFO - Monitor check completed. Leads: 7
2025-11-11 02:03:05,863 - INFO - Monitor check completed. Leads: 7
2025-11-11 02:03:35,903 - INFO - Monitor check completed. Leads: 7
2025-11-11 02:04:05,938 - INFO - Monitor check completed. Leads: 7
2025-11-11 02:04:35,974 - INFO - Monitor check completed. Leads: 7
2025-11-11 02:05:06,016 - INFO - Monitor check completed. Leads: 7
2025-11-11 02:05:36,051 - INFO - Monitor check completed. Leads: 7
2025-11-11 02:06:06,096 - INFO - Monitor check completed. Leads: 7
2025-11-11 02:06:36,130 - INFO - Monitor check completed. Leads: 7
2025-11-11 02:07:06,167 - INFO - Monitor check completed. Leads: 7
2025-11-11 02:07:36,202 - INFO - Monitor check completed. Leads: 7
2025-11-11 02:08:06,304 - INFO - Monitor check completed. Leads: 7
2025-11-11 02:08:36,338 - INFO - Monitor check completed. Leads: 7
2025-11-11 02:09:06,374 - INFO - Monitor check completed. Leads: 7
2025-11-11 02:09:36,408 - INFO - Monitor check completed. Leads: 7
2025-11-11 02:10:06,451 - INFO - Monitor check completed. Leads: 7
2025-11-11 02:10:36,485 - INFO - Monitor check completed. Leads: 7
2025-11-11 02:11:06,527 - INFO - Monitor check completed. Leads: 7
2025-11-11 02:11:36,563 - INFO - Monitor check completed. Leads: 7
2025-11-11 02:12:06,601 - INFO - Monitor check completed. Leads: 7
2025-11-11 02:12:36,639 - INFO - Monitor check completed. Leads: 7
2025-11-11 02:13:06,677 - INFO - Monitor check completed. Leads: 7
2025-11-11 02:13:36,711 - INFO - Monitor check completed. Leads: 7
2025-11-11 02:14:06,749 - INFO - Monitor check completed. Leads: 7
2025-11-11 02:14:36,783 - INFO - Monitor check completed. Leads: 7
2025-11-11 02:15:06,824 - INFO - Monitor check completed. Leads: 7
2025-11-11 02:15:36,860 - INFO - Monitor check completed. Leads: 7
2025-11-11 02:16:06,902 - INFO - Monitor check completed. Leads: 7
2025-11-11 02:16:36,937 - INFO - Monitor check completed. Leads: 7
2025-11-11 02:17:06,972 - INFO - Monitor check completed. Leads: 7
2025-11-11 02:17:37,010 - INFO - Monitor check completed. Leads: 7
2025-11-11 02:18:07,044 - INFO - Monitor check completed. Leads: 7
2025-11-11 02:18:37,079 - INFO - Monitor check completed. Leads: 7
2025-11-11 02:19:07,114 - INFO - Monitor check completed. Leads: 7
2025-11-11 02:19:37,149 - INFO - Monitor check completed. Leads: 7
2025-11-11 02:20:07,189 - INFO - Monitor check completed. Leads: 7
2025-11-11 02:20:37,224 - INFO - Monitor check completed. Leads: 7
2025-11-11 02:21:07,337 - INFO - Monitor check completed. Leads: 7
2025-11-11 02:21:37,372 - INFO - Monitor check completed. Leads: 7
2025-11-11 02:22:07,411 - INFO - Monitor check completed. Leads: 7
2025-11-11 02:22:37,447 - INFO - Monitor check completed. Leads: 7
2025-11-11 02:23:07,487 - INFO - Monitor check completed. Leads: 7
2025-11-11 02:23:37,522 - INFO - Monitor check completed. Leads: 7
2025-11-11 02:24:07,569 - INFO - Monitor check completed. Leads: 7
2025-11-11 02:24:37,603 - INFO - Monitor check completed. Leads: 7
2025-11-11 02:25:07,637 - INFO - Monitor check completed. Leads: 7
2025-11-11 02:25:37,682 - INFO - Monitor check completed. Leads: 7
2025-11-11 02:26:07,726 - INFO - Monitor check completed. Leads: 7
2025-11-11 02:26:37,762 - INFO - Monitor check completed. Leads: 7
2025-11-11 02:27:07,815 - INFO - Monitor check completed. Leads: 7
2025-11-11 02:27:37,850 - INFO - Monitor check completed. Leads: 7
2025-11-11 02:28:07,906 - INFO - Monitor check completed. Leads: 7
2025-11-11 02:28:37,941 - INFO - Monitor check completed. Leads: 7
2025-11-11 02:29:07,977 - INFO - Monitor check completed. Leads: 7
2025-11-11 02:29:38,011 - INFO - Monitor check completed. Leads: 7
2025-11-11 02:30:08,543 - INFO - ✅ Telegram alert poslat
2025-11-11 02:30:08,545 - INFO - Monitor check completed. Leads: 7
2025-11-11 02:30:38,935 - INFO - ✅ Telegram alert poslat
2025-11-11 02:30:38,936 - INFO - Monitor check completed. Leads: 7
2025-11-11 02:31:09,012 - INFO - Monitor check completed. Leads: 7
2025-11-11 02:31:39,048 - INFO - Monitor check completed. Leads: 7
2025-11-11 02:32:09,088 - INFO - Monitor check completed. Leads: 7
2025-11-11 02:32:39,124 - INFO - Monitor check completed. Leads: 7
2025-11-11 02:33:09,162 - INFO - Monitor check completed. Leads: 7
2025-11-11 02:33:39,196 - INFO - Monitor check completed. Leads: 7
2025-11-11 02:34:09,231 - INFO - Monitor check completed. Leads: 7
2025-11-11 02:34:39,270 - INFO - Monitor check completed. Leads: 7
2025-11-11 02:35:09,306 - INFO - Monitor check completed. Leads: 7
2025-11-11 02:35:39,347 - INFO - Monitor check completed. Leads: 7
2025-11-11 02:36:09,384 - INFO - Monitor check completed. Leads: 7
2025-11-11 02:36:39,419 - INFO - Monitor check completed. Leads: 7
2025-11-11 02:37:09,454 - INFO - Monitor check completed. Leads: 7
2025-11-11 02:37:39,524 - INFO - Monitor check completed. Leads: 7
2025-11-11 02:38:09,562 - INFO - Monitor check completed. Leads: 7
2025-11-11 02:38:39,596 - INFO - Monitor check completed. Leads: 7
2025-11-11 02:39:09,635 - INFO - Monitor check completed. Leads: 7
2025-11-11 02:39:39,670 - INFO - Monitor check completed. Leads: 7
2025-11-11 02:40:09,706 - INFO - Monitor check completed. Leads: 7
2025-11-11 02:40:39,741 - INFO - Monitor check completed. Leads: 7
2025-11-11 02:41:09,774 - INFO - Monitor check completed. Leads: 7
2025-11-11 02:41:39,810 - INFO - Monitor check completed. Leads: 7
2025-11-11 02:42:09,848 - INFO - Monitor check completed. Leads: 7
2025-11-11 02:42:39,883 - INFO - Monitor check completed. Leads: 7
2025-11-11 02:43:09,917 - INFO - Monitor check completed. Leads: 7
2025-11-11 02:43:39,951 - INFO - Monitor check completed. Leads: 7
2025-11-11 02:44:09,995 - INFO - Monitor check completed. Leads: 7
2025-11-11 02:44:40,030 - INFO - Monitor check completed. Leads: 7
2025-11-11 02:45:10,068 - INFO - Monitor check completed. Leads: 7
2025-11-11 02:45:40,101 - INFO - Monitor check completed. Leads: 7
2025-11-11 02:46:10,137 - INFO - Monitor check completed. Leads: 7
2025-11-11 02:46:40,173 - INFO - Monitor check completed. Leads: 7
2025-11-11 02:47:10,207 - INFO - Monitor check completed. Leads: 7
2025-11-11 02:47:40,242 - INFO - Monitor check completed. Leads: 7
2025-11-11 02:48:10,278 - INFO - Monitor check completed. Leads: 7
2025-11-11 02:48:40,313 - INFO - Monitor check completed. Leads: 7
2025-11-11 02:49:10,352 - INFO - Monitor check completed. Leads: 7
2025-11-11 02:49:40,388 - INFO - Monitor check completed. Leads: 7
2025-11-11 02:50:10,440 - INFO - Monitor check completed. Leads: 7
2025-11-11 02:50:40,477 - INFO - Monitor check completed. Leads: 7
2025-11-11 02:51:10,512 - INFO - Monitor check completed. Leads: 7
2025-11-11 02:51:40,546 - INFO - Monitor check completed. Leads: 7
2025-11-11 02:52:10,585 - INFO - Monitor check completed. Leads: 7
2025-11-11 02:52:40,620 - INFO - Monitor check completed. Leads: 7
2025-11-11 02:53:10,657 - INFO - Monitor check completed. Leads: 7
2025-11-11 02:53:40,692 - INFO - Monitor check completed. Leads: 7
2025-11-11 02:54:10,727 - INFO - Monitor check completed. Leads: 7
2025-11-11 02:54:40,762 - INFO - Monitor check completed. Leads: 7
2025-11-11 02:55:10,798 - INFO - Monitor check completed. Leads: 7
2025-11-11 02:55:40,836 - INFO - Monitor check completed. Leads: 7
2025-11-11 02:56:10,873 - INFO - Monitor check completed. Leads: 7
2025-11-11 02:56:40,910 - INFO - Monitor check completed. Leads: 7
2025-11-11 02:57:10,944 - INFO - Monitor check completed. Leads: 7
2025-11-11 02:57:40,982 - INFO - Monitor check completed. Leads: 7
2025-11-11 02:58:11,022 - INFO - Monitor check completed. Leads: 7
2025-11-11 02:58:41,058 - INFO - Monitor check completed. Leads: 7
2025-11-11 02:59:11,099 - INFO - Monitor check completed. Leads: 7
2025-11-11 02:59:41,132 - INFO - Monitor check completed. Leads: 7
2025-11-11 03:00:11,683 - INFO - ✅ Telegram alert poslat
2025-11-11 03:00:11,687 - INFO - Monitor check completed. Leads: 7
2025-11-11 03:00:42,121 - INFO - ✅ Telegram alert poslat
2025-11-11 03:00:42,122 - INFO - Monitor check completed. Leads: 7
2025-11-11 03:01:12,167 - INFO - Monitor check completed. Leads: 7
2025-11-11 03:01:42,203 - INFO - Monitor check completed. Leads: 7
2025-11-11 03:02:12,240 - INFO - Monitor check completed. Leads: 7
2025-11-11 03:02:42,275 - INFO - Monitor check completed. Leads: 7
2025-11-11 03:03:12,310 - INFO - Monitor check completed. Leads: 7
2025-11-11 03:03:42,345 - INFO - Monitor check completed. Leads: 7
2025-11-11 03:04:12,381 - INFO - Monitor check completed. Leads: 7
2025-11-11 03:04:42,414 - INFO - Monitor check completed. Leads: 7
2025-11-11 03:05:12,450 - INFO - Monitor check completed. Leads: 7
2025-11-11 03:05:42,485 - INFO - Monitor check completed. Leads: 7
2025-11-11 03:06:12,522 - INFO - Monitor check completed. Leads: 7
2025-11-11 03:06:42,558 - INFO - Monitor check completed. Leads: 7
2025-11-11 03:07:12,595 - INFO - Monitor check completed. Leads: 7
2025-11-11 03:07:42,629 - INFO - Monitor check completed. Leads: 7
2025-11-11 03:08:12,665 - INFO - Monitor check completed. Leads: 7
2025-11-11 03:08:42,703 - INFO - Monitor check completed. Leads: 7
2025-11-11 03:09:12,740 - INFO - Monitor check completed. Leads: 7
2025-11-11 03:09:42,783 - INFO - Monitor check completed. Leads: 7
2025-11-11 03:10:12,817 - INFO - Monitor check completed. Leads: 7
2025-11-11 03:10:42,854 - INFO - Monitor check completed. Leads: 7
2025-11-11 03:11:12,890 - INFO - Monitor check completed. Leads: 7
2025-11-11 03:11:42,926 - INFO - Monitor check completed. Leads: 7
2025-11-11 03:12:12,961 - INFO - Monitor check completed. Leads: 7
2025-11-11 03:12:42,997 - INFO - Monitor check completed. Leads: 7
2025-11-11 03:13:13,034 - INFO - Monitor check completed. Leads: 7
2025-11-11 03:13:43,070 - INFO - Monitor check completed. Leads: 7
2025-11-11 03:14:13,106 - INFO - Monitor check completed. Leads: 7
2025-11-11 03:14:43,141 - INFO - Monitor check completed. Leads: 7
2025-11-11 03:15:13,179 - INFO - Monitor check completed. Leads: 7
2025-11-11 03:15:43,214 - INFO - Monitor check completed. Leads: 7
2025-11-11 03:16:13,251 - INFO - Monitor check completed. Leads: 7
2025-11-11 03:16:43,286 - INFO - Monitor check completed. Leads: 7
2025-11-11 03:17:13,323 - INFO - Monitor check completed. Leads: 7
2025-11-11 03:17:43,357 - INFO - Monitor check completed. Leads: 7
2025-11-11 03:18:13,393 - INFO - Monitor check completed. Leads: 7
2025-11-11 03:18:43,428 - INFO - Monitor check completed. Leads: 7
2025-11-11 03:19:13,464 - INFO - Monitor check completed. Leads: 7
2025-11-11 03:19:43,499 - INFO - Monitor check completed. Leads: 7
2025-11-11 03:20:13,543 - INFO - Monitor check completed. Leads: 7
2025-11-11 03:20:43,579 - INFO - Monitor check completed. Leads: 7
2025-11-11 03:21:13,614 - INFO - Monitor check completed. Leads: 7
2025-11-11 03:21:43,649 - INFO - Monitor check completed. Leads: 7
2025-11-11 03:22:13,685 - INFO - Monitor check completed. Leads: 7
2025-11-11 03:22:43,721 - INFO - Monitor check completed. Leads: 7
2025-11-11 03:23:13,758 - INFO - Monitor check completed. Leads: 7
2025-11-11 03:23:43,794 - INFO - Monitor check completed. Leads: 7
2025-11-11 03:24:13,829 - INFO - Monitor check completed. Leads: 7
2025-11-11 03:24:43,863 - INFO - Monitor check completed. Leads: 7
2025-11-11 03:25:13,898 - INFO - Monitor check completed. Leads: 7
2025-11-11 03:25:43,934 - INFO - Monitor check completed. Leads: 7
2025-11-11 03:26:13,971 - INFO - Monitor check completed. Leads: 7
2025-11-11 03:26:44,006 - INFO - Monitor check completed. Leads: 7
2025-11-11 03:27:14,042 - INFO - Monitor check completed. Leads: 7
2025-11-11 03:27:44,077 - INFO - Monitor check completed. Leads: 7
2025-11-11 03:28:14,114 - INFO - Monitor check completed. Leads: 7
2025-11-11 03:28:44,150 - INFO - Monitor check completed. Leads: 7
2025-11-11 03:29:14,186 - INFO - Monitor check completed. Leads: 7
2025-11-11 03:29:44,220 - INFO - Monitor check completed. Leads: 7
2025-11-11 03:30:14,740 - INFO - ✅ Telegram alert poslat
2025-11-11 03:30:14,742 - INFO - Monitor check completed. Leads: 7
2025-11-11 03:30:45,157 - INFO - ✅ Telegram alert poslat
2025-11-11 03:30:45,159 - INFO - Monitor check completed. Leads: 7
2025-11-11 03:31:15,196 - INFO - Monitor check completed. Leads: 7
2025-11-11 03:31:45,231 - INFO - Monitor check completed. Leads: 7
2025-11-11 03:32:15,268 - INFO - Monitor check completed. Leads: 7
2025-11-11 03:32:45,303 - INFO - Monitor check completed. Leads: 7
2025-11-11 03:33:15,340 - INFO - Monitor check completed. Leads: 7
2025-11-11 03:33:45,374 - INFO - Monitor check completed. Leads: 7
2025-11-11 03:34:15,411 - INFO - Monitor check completed. Leads: 7
2025-11-11 03:34:45,447 - INFO - Monitor check completed. Leads: 7
2025-11-11 03:35:15,482 - INFO - Monitor check completed. Leads: 7
2025-11-11 03:35:45,517 - INFO - Monitor check completed. Leads: 7
2025-11-11 03:36:15,552 - INFO - Monitor check completed. Leads: 7
2025-11-11 03:36:45,587 - INFO - Monitor check completed. Leads: 7
2025-11-11 03:37:15,621 - INFO - Monitor check completed. Leads: 7
2025-11-11 03:37:45,655 - INFO - Monitor check completed. Leads: 7
2025-11-11 03:38:15,690 - INFO - Monitor check completed. Leads: 7
2025-11-11 03:38:45,725 - INFO - Monitor check completed. Leads: 7
2025-11-11 03:39:15,762 - INFO - Monitor check completed. Leads: 7
2025-11-11 03:39:45,795 - INFO - Monitor check completed. Leads: 7
2025-11-11 03:40:15,833 - INFO - Monitor check completed. Leads: 7
2025-11-11 03:40:45,868 - INFO - Monitor check completed. Leads: 7
2025-11-11 03:41:15,904 - INFO - Monitor check completed. Leads: 7
2025-11-11 03:41:45,938 - INFO - Monitor check completed. Leads: 7
2025-11-11 03:42:15,974 - INFO - Monitor check completed. Leads: 7
2025-11-11 03:42:46,008 - INFO - Monitor check completed. Leads: 7
2025-11-11 03:43:16,050 - INFO - Monitor check completed. Leads: 7
2025-11-11 03:43:46,085 - INFO - Monitor check completed. Leads: 7
2025-11-11 03:44:16,123 - INFO - Monitor check completed. Leads: 7
2025-11-11 03:44:46,157 - INFO - Monitor check completed. Leads: 7
2025-11-11 03:45:16,192 - INFO - Monitor check completed. Leads: 7
2025-11-11 03:45:46,225 - INFO - Monitor check completed. Leads: 7
2025-11-11 03:46:16,261 - INFO - Monitor check completed. Leads: 7
2025-11-11 03:46:46,296 - INFO - Monitor check completed. Leads: 7
2025-11-11 03:47:16,331 - INFO - Monitor check completed. Leads: 7
2025-11-11 03:47:46,365 - INFO - Monitor check completed. Leads: 7
2025-11-11 03:48:16,401 - INFO - Monitor check completed. Leads: 7
2025-11-11 03:48:46,436 - INFO - Monitor check completed. Leads: 7
2025-11-11 03:49:16,470 - INFO - Monitor check completed. Leads: 7
2025-11-11 03:49:46,505 - INFO - Monitor check completed. Leads: 7
2025-11-11 03:50:16,536 - INFO - Monitor check completed. Leads: 7
2025-11-11 03:50:46,571 - INFO - Monitor check completed. Leads: 7
2025-11-11 03:51:16,609 - INFO - Monitor check completed. Leads: 7
2025-11-11 03:51:46,643 - INFO - Monitor check completed. Leads: 7
2025-11-11 03:52:16,679 - INFO - Monitor check completed. Leads: 7
2025-11-11 03:52:46,713 - INFO - Monitor check completed. Leads: 7
2025-11-11 03:53:16,749 - INFO - Monitor check completed. Leads: 7
2025-11-11 03:53:46,784 - INFO - Monitor check completed. Leads: 7
2025-11-11 03:54:16,821 - INFO - Monitor check completed. Leads: 7
2025-11-11 03:54:46,856 - INFO - Monitor check completed. Leads: 7
2025-11-11 03:55:16,894 - INFO - Monitor check completed. Leads: 7
2025-11-11 03:55:46,928 - INFO - Monitor check completed. Leads: 7
2025-11-11 03:56:16,964 - INFO - Monitor check completed. Leads: 7
2025-11-11 03:56:46,999 - INFO - Monitor check completed. Leads: 7
2025-11-11 03:57:17,036 - INFO - Monitor check completed. Leads: 7
2025-11-11 03:57:47,070 - INFO - Monitor check completed. Leads: 7
2025-11-11 03:58:17,106 - INFO - Monitor check completed. Leads: 7
2025-11-11 03:58:47,143 - INFO - Monitor check completed. Leads: 7
2025-11-11 03:59:17,178 - INFO - Monitor check completed. Leads: 7
2025-11-11 03:59:47,212 - INFO - Monitor check completed. Leads: 7
2025-11-11 04:00:17,783 - INFO - ✅ Telegram alert poslat
2025-11-11 04:00:17,786 - INFO - Monitor check completed. Leads: 7
2025-11-11 04:00:48,195 - INFO - ✅ Telegram alert poslat
2025-11-11 04:00:48,196 - INFO - Monitor check completed. Leads: 7
2025-11-11 04:01:18,231 - INFO - Monitor check completed. Leads: 7
2025-11-11 04:01:48,266 - INFO - Monitor check completed. Leads: 7
2025-11-11 04:02:18,302 - INFO - Monitor check completed. Leads: 7
2025-11-11 04:02:48,337 - INFO - Monitor check completed. Leads: 7
2025-11-11 04:03:18,371 - INFO - Monitor check completed. Leads: 7
2025-11-11 04:03:48,407 - INFO - Monitor check completed. Leads: 7
2025-11-11 04:04:18,444 - INFO - Monitor check completed. Leads: 7
2025-11-11 04:04:48,478 - INFO - Monitor check completed. Leads: 7
2025-11-11 04:05:18,514 - INFO - Monitor check completed. Leads: 7
2025-11-11 04:05:48,549 - INFO - Monitor check completed. Leads: 7
2025-11-11 04:06:18,587 - INFO - Monitor check completed. Leads: 7
2025-11-11 04:06:48,621 - INFO - Monitor check completed. Leads: 7
2025-11-11 04:07:18,655 - INFO - Monitor check completed. Leads: 7
2025-11-11 04:07:48,689 - INFO - Monitor check completed. Leads: 7
2025-11-11 04:08:18,726 - INFO - Monitor check completed. Leads: 7
2025-11-11 04:08:48,763 - INFO - Monitor check completed. Leads: 7
2025-11-11 04:09:18,800 - INFO - Monitor check completed. Leads: 7
2025-11-11 04:09:48,836 - INFO - Monitor check completed. Leads: 7
2025-11-11 04:10:18,879 - INFO - Monitor check completed. Leads: 7
2025-11-11 04:10:48,915 - INFO - Monitor check completed. Leads: 7
2025-11-11 04:11:18,950 - INFO - Monitor check completed. Leads: 7
2025-11-11 04:11:48,984 - INFO - Monitor check completed. Leads: 7
2025-11-11 04:12:19,020 - INFO - Monitor check completed. Leads: 7
2025-11-11 04:12:49,055 - INFO - Monitor check completed. Leads: 7
2025-11-11 04:13:19,090 - INFO - Monitor check completed. Leads: 7
2025-11-11 04:13:49,126 - INFO - Monitor check completed. Leads: 7
2025-11-11 04:14:19,163 - INFO - Monitor check completed. Leads: 7
2025-11-11 04:14:49,212 - INFO - Monitor check completed. Leads: 7
2025-11-11 04:15:19,246 - INFO - Monitor check completed. Leads: 7
2025-11-11 04:15:49,281 - INFO - Monitor check completed. Leads: 7
2025-11-11 04:16:19,317 - INFO - Monitor check completed. Leads: 7
2025-11-11 04:16:49,351 - INFO - Monitor check completed. Leads: 7
2025-11-11 04:17:19,387 - INFO - Monitor check completed. Leads: 7
2025-11-11 04:17:49,421 - INFO - Monitor check completed. Leads: 7
2025-11-11 04:18:19,457 - INFO - Monitor check completed. Leads: 7
2025-11-11 04:18:49,491 - INFO - Monitor check completed. Leads: 7
2025-11-11 04:19:19,525 - INFO - Monitor check completed. Leads: 7
2025-11-11 04:19:49,560 - INFO - Monitor check completed. Leads: 7
2025-11-11 04:20:19,595 - INFO - Monitor check completed. Leads: 7
2025-11-11 04:20:49,630 - INFO - Monitor check completed. Leads: 7
2025-11-11 04:21:19,668 - INFO - Monitor check completed. Leads: 7
2025-11-11 04:21:49,703 - INFO - Monitor check completed. Leads: 7
2025-11-11 04:22:19,754 - INFO - Monitor check completed. Leads: 7
2025-11-11 04:22:49,792 - INFO - Monitor check completed. Leads: 7
2025-11-11 04:23:19,834 - INFO - Monitor check completed. Leads: 7
2025-11-11 04:23:49,873 - INFO - Monitor check completed. Leads: 7
2025-11-11 04:24:19,970 - INFO - Monitor check completed. Leads: 7
2025-11-11 04:24:50,036 - INFO - Monitor check completed. Leads: 7
2025-11-11 04:25:20,079 - INFO - Monitor check completed. Leads: 7
2025-11-11 04:25:50,121 - INFO - Monitor check completed. Leads: 7
2025-11-11 04:26:20,165 - INFO - Monitor check completed. Leads: 7
2025-11-11 04:26:50,202 - INFO - Monitor check completed. Leads: 7
2025-11-11 04:27:20,236 - INFO - Monitor check completed. Leads: 7
2025-11-11 04:27:50,291 - INFO - Monitor check completed. Leads: 7
2025-11-11 04:28:20,331 - INFO - Monitor check completed. Leads: 7
2025-11-11 04:28:50,365 - INFO - Monitor check completed. Leads: 7
2025-11-11 04:29:20,400 - INFO - Monitor check completed. Leads: 7
2025-11-11 04:29:50,436 - INFO - Monitor check completed. Leads: 7
2025-11-11 04:30:21,010 - INFO - ✅ Telegram alert poslat
2025-11-11 04:30:21,013 - INFO - Monitor check completed. Leads: 7
2025-11-11 04:30:51,412 - INFO - ✅ Telegram alert poslat
2025-11-11 04:30:51,414 - INFO - Monitor check completed. Leads: 7
2025-11-11 04:31:21,447 - INFO - Monitor check completed. Leads: 7
2025-11-11 04:31:51,481 - INFO - Monitor check completed. Leads: 7
2025-11-11 04:32:21,517 - INFO - Monitor check completed. Leads: 7
2025-11-11 04:32:51,554 - INFO - Monitor check completed. Leads: 7
2025-11-11 04:33:21,590 - INFO - Monitor check completed. Leads: 7
2025-11-11 04:33:51,625 - INFO - Monitor check completed. Leads: 7
2025-11-11 04:34:21,667 - INFO - Monitor check completed. Leads: 7
2025-11-11 04:34:51,709 - INFO - Monitor check completed. Leads: 7
2025-11-11 04:35:21,742 - INFO - Monitor check completed. Leads: 7
2025-11-11 04:35:51,787 - INFO - Monitor check completed. Leads: 7
2025-11-11 04:36:21,822 - INFO - Monitor check completed. Leads: 7
2025-11-11 04:36:51,873 - INFO - Monitor check completed. Leads: 7
2025-11-11 04:37:21,907 - INFO - Monitor check completed. Leads: 7
2025-11-11 04:37:51,941 - INFO - Monitor check completed. Leads: 7
2025-11-11 04:38:21,980 - INFO - Monitor check completed. Leads: 7
2025-11-11 04:38:52,017 - INFO - Monitor check completed. Leads: 7
2025-11-11 04:39:22,051 - INFO - Monitor check completed. Leads: 7
2025-11-11 04:39:52,086 - INFO - Monitor check completed. Leads: 7
2025-11-11 04:40:22,127 - INFO - Monitor check completed. Leads: 7
2025-11-11 04:40:52,178 - INFO - Monitor check completed. Leads: 7
2025-11-11 04:41:22,240 - INFO - Monitor check completed. Leads: 7
2025-11-11 04:41:52,275 - INFO - Monitor check completed. Leads: 7
2025-11-11 04:42:22,319 - INFO - Monitor check completed. Leads: 7
2025-11-11 04:42:52,353 - INFO - Monitor check completed. Leads: 7
2025-11-11 04:43:22,392 - INFO - Monitor check completed. Leads: 7
2025-11-11 04:43:52,439 - INFO - Monitor check completed. Leads: 7
2025-11-11 04:44:22,508 - INFO - Monitor check completed. Leads: 7
2025-11-11 04:44:52,543 - INFO - Monitor check completed. Leads: 7
2025-11-11 04:45:22,581 - INFO - Monitor check completed. Leads: 7
2025-11-11 04:45:52,614 - INFO - Monitor check completed. Leads: 7
2025-11-11 04:46:22,668 - INFO - Monitor check completed. Leads: 7
2025-11-11 04:46:52,707 - INFO - Monitor check completed. Leads: 7
2025-11-11 04:47:22,745 - INFO - Monitor check completed. Leads: 7
2025-11-11 04:47:52,779 - INFO - Monitor check completed. Leads: 7
2025-11-11 04:48:22,831 - INFO - Monitor check completed. Leads: 7
2025-11-11 04:48:52,866 - INFO - Monitor check completed. Leads: 7
2025-11-11 04:49:22,901 - INFO - Monitor check completed. Leads: 7
2025-11-11 04:49:52,935 - INFO - Monitor check completed. Leads: 7
2025-11-11 04:50:22,970 - INFO - Monitor check completed. Leads: 7
2025-11-11 04:50:53,037 - INFO - Monitor check completed. Leads: 7
2025-11-11 04:51:23,081 - INFO - Monitor check completed. Leads: 7
2025-11-11 04:51:53,116 - INFO - Monitor check completed. Leads: 7
2025-11-11 04:52:23,153 - INFO - Monitor check completed. Leads: 7
2025-11-11 04:52:53,189 - INFO - Monitor check completed. Leads: 7
2025-11-11 04:53:23,241 - INFO - Monitor check completed. Leads: 7
2025-11-11 04:53:53,276 - INFO - Monitor check completed. Leads: 7
2025-11-11 04:54:23,316 - INFO - Monitor check completed. Leads: 7
2025-11-11 04:54:53,352 - INFO - Monitor check completed. Leads: 7
2025-11-11 04:55:23,388 - INFO - Monitor check completed. Leads: 7
2025-11-11 04:55:53,436 - INFO - Monitor check completed. Leads: 7
2025-11-11 04:56:23,470 - INFO - Monitor check completed. Leads: 7
2025-11-11 04:56:53,506 - INFO - Monitor check completed. Leads: 7
2025-11-11 04:57:23,540 - INFO - Monitor check completed. Leads: 7
2025-11-11 04:57:53,576 - INFO - Monitor check completed. Leads: 7
2025-11-11 04:58:23,613 - INFO - Monitor check completed. Leads: 7
2025-11-11 04:58:53,648 - INFO - Monitor check completed. Leads: 7
2025-11-11 04:59:23,687 - INFO - Monitor check completed. Leads: 7
2025-11-11 04:59:53,731 - INFO - Monitor check completed. Leads: 7
2025-11-11 05:00:24,709 - INFO - ✅ Telegram alert poslat
2025-11-11 05:00:24,720 - INFO - Monitor check completed. Leads: 7
2025-11-11 05:00:55,108 - INFO - ✅ Telegram alert poslat
2025-11-11 05:00:55,110 - INFO - Monitor check completed. Leads: 7
2025-11-11 05:01:25,148 - INFO - Monitor check completed. Leads: 7
2025-11-11 05:01:55,189 - INFO - Monitor check completed. Leads: 7
2025-11-11 05:02:25,228 - INFO - Monitor check completed. Leads: 7
2025-11-11 05:02:55,265 - INFO - Monitor check completed. Leads: 7
2025-11-11 05:03:25,299 - INFO - Monitor check completed. Leads: 7
2025-11-11 05:03:55,363 - INFO - Monitor check completed. Leads: 7
2025-11-11 05:04:25,400 - INFO - Monitor check completed. Leads: 7
2025-11-11 05:04:55,445 - INFO - Monitor check completed. Leads: 7
2025-11-11 05:05:25,480 - INFO - Monitor check completed. Leads: 7
2025-11-11 05:05:55,516 - INFO - Monitor check completed. Leads: 7
2025-11-11 05:06:25,551 - INFO - Monitor check completed. Leads: 7
2025-11-11 05:06:55,589 - INFO - Monitor check completed. Leads: 7
2025-11-11 05:07:25,623 - INFO - Monitor check completed. Leads: 7
2025-11-11 05:07:55,658 - INFO - Monitor check completed. Leads: 7
2025-11-11 05:08:25,698 - INFO - Monitor check completed. Leads: 7
2025-11-11 05:08:55,735 - INFO - Monitor check completed. Leads: 7
2025-11-11 05:09:25,779 - INFO - Monitor check completed. Leads: 7
2025-11-11 05:09:55,814 - INFO - Monitor check completed. Leads: 7
2025-11-11 05:10:25,850 - INFO - Monitor check completed. Leads: 7
2025-11-11 05:10:55,885 - INFO - Monitor check completed. Leads: 7
2025-11-11 05:11:25,921 - INFO - Monitor check completed. Leads: 7
2025-11-11 05:11:55,955 - INFO - Monitor check completed. Leads: 7
2025-11-11 05:12:25,991 - INFO - Monitor check completed. Leads: 7
2025-11-11 05:12:56,026 - INFO - Monitor check completed. Leads: 7
2025-11-11 05:13:26,061 - INFO - Monitor check completed. Leads: 7
2025-11-11 05:13:56,098 - INFO - Monitor check completed. Leads: 7
2025-11-11 05:14:26,138 - INFO - Monitor check completed. Leads: 7
2025-11-11 05:14:56,175 - INFO - Monitor check completed. Leads: 7
2025-11-11 05:15:26,209 - INFO - Monitor check completed. Leads: 7
2025-11-11 05:15:56,245 - INFO - Monitor check completed. Leads: 7
2025-11-11 05:16:26,282 - INFO - Monitor check completed. Leads: 7
2025-11-11 05:16:56,318 - INFO - Monitor check completed. Leads: 7
2025-11-11 05:17:26,353 - INFO - Monitor check completed. Leads: 7
2025-11-11 05:17:56,388 - INFO - Monitor check completed. Leads: 7
2025-11-11 05:18:26,429 - INFO - Monitor check completed. Leads: 7
2025-11-11 05:18:56,463 - INFO - Monitor check completed. Leads: 7
2025-11-11 05:19:26,497 - INFO - Monitor check completed. Leads: 7
2025-11-11 05:19:56,532 - INFO - Monitor check completed. Leads: 7
2025-11-11 05:20:26,567 - INFO - Monitor check completed. Leads: 7
2025-11-11 05:20:56,602 - INFO - Monitor check completed. Leads: 7
2025-11-11 05:21:26,638 - INFO - Monitor check completed. Leads: 7
2025-11-11 05:21:56,672 - INFO - Monitor check completed. Leads: 7
2025-11-11 05:22:26,707 - INFO - Monitor check completed. Leads: 7
2025-11-11 05:22:56,741 - INFO - Monitor check completed. Leads: 7
2025-11-11 05:23:26,778 - INFO - Monitor check completed. Leads: 7
2025-11-11 05:23:56,812 - INFO - Monitor check completed. Leads: 7
2025-11-11 05:24:26,848 - INFO - Monitor check completed. Leads: 7
2025-11-11 05:24:56,887 - INFO - Monitor check completed. Leads: 7
2025-11-11 05:25:26,926 - INFO - Monitor check completed. Leads: 7
2025-11-11 05:25:56,962 - INFO - Monitor check completed. Leads: 7
2025-11-11 05:26:27,002 - INFO - Monitor check completed. Leads: 7
2025-11-11 05:26:57,036 - INFO - Monitor check completed. Leads: 7
2025-11-11 05:27:27,093 - INFO - Monitor check completed. Leads: 7
2025-11-11 05:27:57,128 - INFO - Monitor check completed. Leads: 7
2025-11-11 05:28:27,164 - INFO - Monitor check completed. Leads: 7
2025-11-11 05:28:57,200 - INFO - Monitor check completed. Leads: 7
2025-11-11 05:29:27,235 - INFO - Monitor check completed. Leads: 7
2025-11-11 05:29:57,269 - INFO - Monitor check completed. Leads: 7
2025-11-11 05:30:27,794 - INFO - ✅ Telegram alert poslat
2025-11-11 05:30:27,796 - INFO - Monitor check completed. Leads: 7
2025-11-11 05:30:58,180 - INFO - ✅ Telegram alert poslat
2025-11-11 05:30:58,182 - INFO - Monitor check completed. Leads: 7
2025-11-11 05:31:28,217 - INFO - Monitor check completed. Leads: 7
2025-11-11 05:31:58,273 - INFO - Monitor check completed. Leads: 7
2025-11-11 05:32:28,314 - INFO - Monitor check completed. Leads: 7
2025-11-11 05:32:58,348 - INFO - Monitor check completed. Leads: 7
2025-11-11 05:33:28,384 - INFO - Monitor check completed. Leads: 7
2025-11-11 05:33:58,419 - INFO - Monitor check completed. Leads: 7
2025-11-11 05:34:28,471 - INFO - Monitor check completed. Leads: 7
2025-11-11 05:34:58,508 - INFO - Monitor check completed. Leads: 7
2025-11-11 05:35:28,543 - INFO - Monitor check completed. Leads: 7
2025-11-11 05:35:58,577 - INFO - Monitor check completed. Leads: 7
2025-11-11 05:36:28,613 - INFO - Monitor check completed. Leads: 7
2025-11-11 05:36:58,648 - INFO - Monitor check completed. Leads: 7
2025-11-11 05:37:28,683 - INFO - Monitor check completed. Leads: 7
2025-11-11 05:37:58,718 - INFO - Monitor check completed. Leads: 7
2025-11-11 05:38:28,755 - INFO - Monitor check completed. Leads: 7
2025-11-11 05:38:58,792 - INFO - Monitor check completed. Leads: 7
2025-11-11 05:39:28,827 - INFO - Monitor check completed. Leads: 7
2025-11-11 05:39:58,862 - INFO - Monitor check completed. Leads: 7
2025-11-11 05:40:28,900 - INFO - Monitor check completed. Leads: 7
2025-11-11 05:40:58,936 - INFO - Monitor check completed. Leads: 7
2025-11-11 05:41:28,972 - INFO - Monitor check completed. Leads: 7
2025-11-11 05:41:59,005 - INFO - Monitor check completed. Leads: 7
2025-11-11 05:42:29,048 - INFO - Monitor check completed. Leads: 7
2025-11-11 05:42:59,084 - INFO - Monitor check completed. Leads: 7
2025-11-11 05:43:29,120 - INFO - Monitor check completed. Leads: 7
2025-11-11 05:43:59,154 - INFO - Monitor check completed. Leads: 7
2025-11-11 05:44:29,190 - INFO - Monitor check completed. Leads: 7
2025-11-11 05:44:59,225 - INFO - Monitor check completed. Leads: 7
2025-11-11 05:45:29,259 - INFO - Monitor check completed. Leads: 7
2025-11-11 05:45:59,293 - INFO - Monitor check completed. Leads: 7
2025-11-11 05:46:29,331 - INFO - Monitor check completed. Leads: 7
2025-11-11 05:46:59,366 - INFO - Monitor check completed. Leads: 7
2025-11-11 05:47:29,400 - INFO - Monitor check completed. Leads: 7
2025-11-11 05:47:59,439 - INFO - Monitor check completed. Leads: 7
2025-11-11 05:48:29,477 - INFO - Monitor check completed. Leads: 7
2025-11-11 05:48:59,514 - INFO - Monitor check completed. Leads: 7
2025-11-11 05:49:29,548 - INFO - Monitor check completed. Leads: 7
2025-11-11 05:49:59,582 - INFO - Monitor check completed. Leads: 7
2025-11-11 05:50:29,651 - INFO - Monitor check completed. Leads: 7
2025-11-11 05:50:59,687 - INFO - Monitor check completed. Leads: 7
2025-11-11 05:51:29,726 - INFO - Monitor check completed. Leads: 7
2025-11-11 05:51:59,761 - INFO - Monitor check completed. Leads: 7
2025-11-11 05:52:29,796 - INFO - Monitor check completed. Leads: 7
2025-11-11 05:52:59,831 - INFO - Monitor check completed. Leads: 7
2025-11-11 05:53:29,867 - INFO - Monitor check completed. Leads: 7
2025-11-11 05:53:59,901 - INFO - Monitor check completed. Leads: 7
2025-11-11 05:54:29,938 - INFO - Monitor check completed. Leads: 7
2025-11-11 05:54:59,974 - INFO - Monitor check completed. Leads: 7
2025-11-11 05:55:30,011 - INFO - Monitor check completed. Leads: 7
2025-11-11 05:56:00,054 - INFO - Monitor check completed. Leads: 7
2025-11-11 05:56:30,091 - INFO - Monitor check completed. Leads: 7
2025-11-11 05:57:00,125 - INFO - Monitor check completed. Leads: 7
2025-11-11 05:57:30,160 - INFO - Monitor check completed. Leads: 7
2025-11-11 05:58:00,196 - INFO - Monitor check completed. Leads: 7
2025-11-11 05:58:30,234 - INFO - Monitor check completed. Leads: 7
2025-11-11 05:59:00,272 - INFO - Monitor check completed. Leads: 7
2025-11-11 05:59:30,307 - INFO - Monitor check completed. Leads: 7
2025-11-11 06:00:00,878 - INFO - ✅ Telegram alert poslat
2025-11-11 06:00:00,881 - INFO - Monitor check completed. Leads: 7
2025-11-11 06:00:31,390 - INFO - ✅ Telegram alert poslat
2025-11-11 06:00:31,392 - INFO - Monitor check completed. Leads: 7
2025-11-11 06:01:01,433 - INFO - Monitor check completed. Leads: 7
2025-11-11 06:01:31,467 - INFO - Monitor check completed. Leads: 7
2025-11-11 06:02:01,512 - INFO - Monitor check completed. Leads: 7
2025-11-11 06:02:31,546 - INFO - Monitor check completed. Leads: 7
2025-11-11 06:03:01,588 - INFO - Monitor check completed. Leads: 7
2025-11-11 06:03:31,622 - INFO - Monitor check completed. Leads: 7
2025-11-11 06:04:01,665 - INFO - Monitor check completed. Leads: 7
2025-11-11 06:04:31,718 - INFO - Monitor check completed. Leads: 7
2025-11-11 06:05:01,757 - INFO - Monitor check completed. Leads: 7
2025-11-11 06:05:31,791 - INFO - Monitor check completed. Leads: 7
2025-11-11 06:06:01,840 - INFO - Monitor check completed. Leads: 7
2025-11-11 06:06:31,875 - INFO - Monitor check completed. Leads: 7
2025-11-11 06:07:01,923 - INFO - Monitor check completed. Leads: 7
2025-11-11 06:07:31,959 - INFO - Monitor check completed. Leads: 7
2025-11-11 06:08:02,007 - INFO - Monitor check completed. Leads: 7
2025-11-11 06:08:32,045 - INFO - Monitor check completed. Leads: 7
2025-11-11 06:09:02,193 - INFO - Monitor check completed. Leads: 7
2025-11-11 06:09:32,228 - INFO - Monitor check completed. Leads: 7
2025-11-11 06:10:02,269 - INFO - Monitor check completed. Leads: 7
2025-11-11 06:10:32,300 - INFO - Monitor check completed. Leads: 7
2025-11-11 06:11:02,344 - INFO - Monitor check completed. Leads: 7
2025-11-11 06:11:32,413 - INFO - Monitor check completed. Leads: 7
2025-11-11 06:12:02,465 - INFO - Monitor check completed. Leads: 7
2025-11-11 06:12:32,502 - INFO - Monitor check completed. Leads: 7
2025-11-11 06:13:02,539 - INFO - Monitor check completed. Leads: 7
2025-11-11 06:13:32,572 - INFO - Monitor check completed. Leads: 7
2025-11-11 06:14:02,636 - INFO - Monitor check completed. Leads: 7
2025-11-11 06:14:32,685 - INFO - Monitor check completed. Leads: 7
2025-11-11 06:15:02,774 - INFO - Monitor check completed. Leads: 7
2025-11-11 06:15:32,810 - INFO - Monitor check completed. Leads: 7
2025-11-11 06:16:02,853 - INFO - Monitor check completed. Leads: 7
2025-11-11 06:16:32,888 - INFO - Monitor check completed. Leads: 7
2025-11-11 06:17:02,935 - INFO - Monitor check completed. Leads: 7
2025-11-11 06:17:32,969 - INFO - Monitor check completed. Leads: 7
2025-11-11 06:18:03,023 - INFO - Monitor check completed. Leads: 7
2025-11-11 06:18:33,058 - INFO - Monitor check completed. Leads: 7
2025-11-11 06:19:03,095 - INFO - Monitor check completed. Leads: 7
2025-11-11 06:19:33,132 - INFO - Monitor check completed. Leads: 7
2025-11-11 06:20:03,169 - INFO - Monitor check completed. Leads: 7
2025-11-11 06:20:33,204 - INFO - Monitor check completed. Leads: 7
2025-11-11 06:21:03,252 - INFO - Monitor check completed. Leads: 7
2025-11-11 06:21:33,289 - INFO - Monitor check completed. Leads: 7
2025-11-11 06:22:03,326 - INFO - Monitor check completed. Leads: 7
2025-11-11 06:22:33,360 - INFO - Monitor check completed. Leads: 7
2025-11-11 06:23:03,401 - INFO - Monitor check completed. Leads: 7
2025-11-11 06:23:33,436 - INFO - Monitor check completed. Leads: 7
2025-11-11 06:24:03,502 - INFO - Monitor check completed. Leads: 7
2025-11-11 06:24:33,540 - INFO - Monitor check completed. Leads: 7
2025-11-11 06:25:03,581 - INFO - Monitor check completed. Leads: 7
2025-11-11 06:25:33,615 - INFO - Monitor check completed. Leads: 7
2025-11-11 06:26:03,655 - INFO - Monitor check completed. Leads: 7
2025-11-11 06:26:33,690 - INFO - Monitor check completed. Leads: 7
2025-11-11 06:27:03,746 - INFO - Monitor check completed. Leads: 7
2025-11-11 06:27:33,785 - INFO - Monitor check completed. Leads: 7
2025-11-11 06:28:03,825 - INFO - Monitor check completed. Leads: 7
2025-11-11 06:28:33,862 - INFO - Monitor check completed. Leads: 7
2025-11-11 06:29:03,907 - INFO - Monitor check completed. Leads: 7
2025-11-11 06:29:33,942 - INFO - Monitor check completed. Leads: 7
2025-11-11 06:30:04,477 - ERROR - ❌ Greška u Telegram alertu: HTTPSConnectionPool(host='api.telegram.org', port=443): Max retries exceeded with url: /bot8105923056:AAFdk-iRcIgmVGHxdAE7R-qhTNoq7WbRTW0/sendMessage (Caused by ProxyError('Unable to connect to proxy', OSError('Tunnel connection failed: 503 Service Unavailable')))
2025-11-11 06:30:04,490 - INFO - Monitor check completed. Leads: 7
2025-11-11 06:30:34,532 - ERROR - ❌ Greška u Telegram alertu: HTTPSConnectionPool(host='api.telegram.org', port=443): Max retries exceeded with url: /bot8105923056:AAFdk-iRcIgmVGHxdAE7R-qhTNoq7WbRTW0/sendMessage (Caused by ProxyError('Unable to connect to proxy', OSError('Tunnel connection failed: 503 Service Unavailable')))
2025-11-11 06:30:34,532 - INFO - Monitor check completed. Leads: 7
2025-11-11 06:31:04,567 - INFO - Monitor check completed. Leads: 7
2025-11-11 06:31:34,604 - INFO - Monitor check completed. Leads: 7
2025-11-11 06:32:04,649 - INFO - Monitor check completed. Leads: 7
2025-11-11 06:32:34,683 - INFO - Monitor check completed. Leads: 7
2025-11-11 06:33:04,739 - INFO - Monitor check completed. Leads: 7
2025-11-11 06:33:34,773 - INFO - Monitor check completed. Leads: 7
2025-11-11 06:34:04,814 - INFO - Monitor check completed. Leads: 7
2025-11-11 06:34:34,851 - INFO - Monitor check completed. Leads: 7
2025-11-11 06:35:04,888 - INFO - Monitor check completed. Leads: 7
2025-11-11 06:35:34,923 - INFO - Monitor check completed. Leads: 7
2025-11-11 06:36:04,972 - INFO - Monitor check completed. Leads: 7
2025-11-11 06:36:35,009 - INFO - Monitor check completed. Leads: 7
2025-11-11 06:37:05,047 - INFO - Monitor check completed. Leads: 7
2025-11-11 06:37:35,083 - INFO - Monitor check completed. Leads: 7
2025-11-11 06:38:05,122 - INFO - Monitor check completed. Leads: 7
2025-11-11 06:38:35,160 - INFO - Monitor check completed. Leads: 7
2025-11-11 06:39:05,197 - INFO - Monitor check completed. Leads: 7
2025-11-11 06:39:35,236 - INFO - Monitor check completed. Leads: 7
2025-11-11 06:40:05,280 - INFO - Monitor check completed. Leads: 7
2025-11-11 06:40:35,314 - INFO - Monitor check completed. Leads: 7
2025-11-11 06:41:05,366 - INFO - Monitor check completed. Leads: 7
2025-11-11 06:41:35,401 - INFO - Monitor check completed. Leads: 7
2025-11-11 06:42:05,445 - INFO - Monitor check completed. Leads: 7
2025-11-11 06:42:35,477 - INFO - Monitor check completed. Leads: 7
2025-11-11 06:43:05,513 - INFO - Monitor check completed. Leads: 7
2025-11-11 06:43:35,547 - INFO - Monitor check completed. Leads: 7
2025-11-11 06:44:05,595 - INFO - Monitor check completed. Leads: 7
2025-11-11 06:44:35,631 - INFO - Monitor check completed. Leads: 7
2025-11-11 06:45:05,668 - INFO - Monitor check completed. Leads: 7
2025-11-11 06:45:35,702 - INFO - Monitor check completed. Leads: 7
2025-11-11 06:46:05,740 - INFO - Monitor check completed. Leads: 7
2025-11-11 06:46:35,775 - INFO - Monitor check completed. Leads: 7
2025-11-11 06:47:05,817 - INFO - Monitor check completed. Leads: 7
2025-11-11 06:47:35,851 - INFO - Monitor check completed. Leads: 7
2025-11-11 06:48:05,927 - INFO - Monitor check completed. Leads: 7
2025-11-11 06:48:35,970 - INFO - Monitor check completed. Leads: 7
2025-11-11 06:49:06,009 - INFO - Monitor check completed. Leads: 7
2025-11-11 06:49:36,043 - INFO - Monitor check completed. Leads: 7
2025-11-11 06:50:06,081 - INFO - Monitor check completed. Leads: 7
2025-11-11 06:50:36,116 - INFO - Monitor check completed. Leads: 7
2025-11-11 06:51:06,160 - INFO - Monitor check completed. Leads: 7
2025-11-11 06:51:36,194 - INFO - Monitor check completed. Leads: 7
2025-11-11 06:52:06,242 - INFO - Monitor check completed. Leads: 7
2025-11-11 06:52:36,285 - INFO - Monitor check completed. Leads: 7
2025-11-11 06:53:06,325 - INFO - Monitor check completed. Leads: 7
2025-11-11 06:53:36,361 - INFO - Monitor check completed. Leads: 7
2025-11-11 06:54:06,406 - INFO - Monitor check completed. Leads: 7
2025-11-11 06:54:36,444 - INFO - Monitor check completed. Leads: 7
2025-11-11 06:55:06,506 - INFO - Monitor check completed. Leads: 7
2025-11-11 06:55:36,539 - INFO - Monitor check completed. Leads: 7
2025-11-11 06:56:06,575 - INFO - Monitor check completed. Leads: 7
2025-11-11 06:56:36,611 - INFO - Monitor check completed. Leads: 7
2025-11-11 06:57:06,646 - INFO - Monitor check completed. Leads: 7
2025-11-11 06:57:36,679 - INFO - Monitor check completed. Leads: 7
2025-11-11 06:58:06,723 - INFO - Monitor check completed. Leads: 7
2025-11-11 06:58:36,759 - INFO - Monitor check completed. Leads: 7
2025-11-11 06:59:06,794 - INFO - Monitor check completed. Leads: 7
2025-11-11 06:59:36,831 - INFO - Monitor check completed. Leads: 7
2025-11-11 07:00:07,479 - INFO - ✅ Telegram alert poslat
2025-11-11 07:00:07,486 - WARNING - Pronađeno 1 novih grešaka
2025-11-11 07:00:08,039 - INFO - ✅ Telegram alert poslat
2025-11-11 07:00:08,041 - INFO - Monitor check completed. Leads: 7
2025-11-11 07:00:38,463 - INFO - ✅ Telegram alert poslat
2025-11-11 07:00:38,465 - WARNING - Pronađeno 1 novih grešaka
2025-11-11 07:00:38,809 - INFO - ✅ Telegram alert poslat
2025-11-11 07:00:38,811 - INFO - Monitor check completed. Leads: 7
2025-11-11 07:01:08,847 - INFO - Monitor check completed. Leads: 7
2025-11-11 07:01:38,884 - INFO - Monitor check completed. Leads: 7
2025-11-11 07:02:09,273 - INFO - ✅ Telegram alert poslat
2025-11-11 07:02:09,275 - WARNING - Pronađeno 1 novih grešaka
2025-11-11 07:02:09,275 - INFO - Monitor check completed. Leads: 7
2025-11-11 07:02:39,644 - INFO - ✅ Telegram alert poslat
2025-11-11 07:02:39,646 - WARNING - Pronađeno 1 novih grešaka
2025-11-11 07:02:39,646 - INFO - Monitor check completed. Leads: 7
2025-11-11 07:03:09,681 - INFO - Monitor check completed. Leads: 7
2025-11-11 07:03:39,715 - INFO - Monitor check completed. Leads: 7
2025-11-11 07:04:09,778 - INFO - Monitor check completed. Leads: 7
2025-11-11 07:04:39,815 - INFO - Monitor check completed. Leads: 7
2025-11-11 07:05:09,850 - INFO - Monitor check completed. Leads: 7
2025-11-11 07:05:39,885 - INFO - Monitor check completed. Leads: 7
2025-11-11 07:06:09,921 - INFO - Monitor check completed. Leads: 7
2025-11-11 07:06:39,957 - INFO - Monitor check completed. Leads: 7
2025-11-11 07:07:09,992 - INFO - Monitor check completed. Leads: 7
2025-11-11 07:07:40,029 - INFO - Monitor check completed. Leads: 7
2025-11-11 07:08:10,066 - INFO - Monitor check completed. Leads: 7
2025-11-11 07:08:40,100 - INFO - Monitor check completed. Leads: 7
2025-11-11 07:09:10,136 - INFO - Monitor check completed. Leads: 7
2025-11-11 07:09:40,171 - INFO - Monitor check completed. Leads: 7
2025-11-11 07:10:10,212 - INFO - Monitor check completed. Leads: 7
2025-11-11 07:10:40,250 - INFO - Monitor check completed. Leads: 7
2025-11-11 07:11:10,292 - INFO - Monitor check completed. Leads: 7
2025-11-11 07:11:40,326 - INFO - Monitor check completed. Leads: 7
2025-11-11 07:12:10,363 - INFO - Monitor check completed. Leads: 7
2025-11-11 07:12:40,398 - INFO - Monitor check completed. Leads: 7
2025-11-11 07:13:10,435 - INFO - Monitor check completed. Leads: 7
2025-11-11 07:13:40,471 - INFO - Monitor check completed. Leads: 7
2025-11-11 07:14:10,509 - INFO - Monitor check completed. Leads: 7
2025-11-11 07:14:40,545 - INFO - Monitor check completed. Leads: 7
2025-11-11 07:15:10,580 - INFO - Monitor check completed. Leads: 7
2025-11-11 07:15:40,637 - INFO - Monitor check completed. Leads: 7
2025-11-11 07:16:10,672 - INFO - Monitor check completed. Leads: 7
2025-11-11 07:16:40,707 - INFO - Monitor check completed. Leads: 7
2025-11-11 07:17:10,741 - INFO - Monitor check completed. Leads: 7
2025-11-11 07:17:40,776 - INFO - Monitor check completed. Leads: 7
2025-11-11 07:18:10,825 - INFO - Monitor check completed. Leads: 7
2025-11-11 07:18:40,862 - INFO - Monitor check completed. Leads: 7
2025-11-11 07:19:10,895 - INFO - Monitor check completed. Leads: 7
2025-11-11 07:19:40,931 - INFO - Monitor check completed. Leads: 7
2025-11-11 07:20:10,967 - INFO - Monitor check completed. Leads: 7
2025-11-11 07:20:41,030 - INFO - Monitor check completed. Leads: 7
2025-11-11 07:21:11,074 - INFO - Monitor check completed. Leads: 7
2025-11-11 07:21:41,108 - INFO - Monitor check completed. Leads: 7
2025-11-11 07:22:11,144 - INFO - Monitor check completed. Leads: 7
2025-11-11 07:22:41,184 - INFO - Monitor check completed. Leads: 7
2025-11-11 07:23:11,218 - INFO - Monitor check completed. Leads: 7
2025-11-11 07:23:41,253 - INFO - Monitor check completed. Leads: 7
2025-11-11 07:24:11,289 - INFO - Monitor check completed. Leads: 7
2025-11-11 07:24:41,325 - INFO - Monitor check completed. Leads: 7
2025-11-11 07:25:11,383 - INFO - Monitor check completed. Leads: 7
2025-11-11 07:25:41,419 - INFO - Monitor check completed. Leads: 7
2025-11-11 07:26:11,456 - INFO - Monitor check completed. Leads: 7
2025-11-11 07:26:41,491 - INFO - Monitor check completed. Leads: 7
2025-11-11 07:27:11,526 - INFO - Monitor check completed. Leads: 7
2025-11-11 07:27:41,562 - INFO - Monitor check completed. Leads: 7
2025-11-11 07:28:11,597 - INFO - Monitor check completed. Leads: 7
2025-11-11 07:28:41,633 - INFO - Monitor check completed. Leads: 7
2025-11-11 07:29:11,670 - INFO - Monitor check completed. Leads: 7
2025-11-11 07:29:41,705 - INFO - Monitor check completed. Leads: 7
2025-11-11 07:30:12,197 - INFO - ✅ Telegram alert poslat
2025-11-11 07:30:12,199 - INFO - Monitor check completed. Leads: 7
2025-11-11 07:30:42,615 - INFO - ✅ Telegram alert poslat
2025-11-11 07:30:42,616 - INFO - Monitor check completed. Leads: 7
2025-11-11 07:31:12,651 - INFO - Monitor check completed. Leads: 7
2025-11-11 07:31:42,686 - INFO - Monitor check completed. Leads: 7
2025-11-11 07:32:12,737 - INFO - Monitor check completed. Leads: 7
2025-11-11 07:32:42,772 - INFO - Monitor check completed. Leads: 7
2025-11-11 07:33:12,807 - INFO - Monitor check completed. Leads: 7
2025-11-11 07:33:42,842 - INFO - Monitor check completed. Leads: 7
2025-11-11 07:34:12,877 - INFO - Monitor check completed. Leads: 7
2025-11-11 07:34:42,912 - INFO - Monitor check completed. Leads: 7
2025-11-11 07:35:12,948 - INFO - Monitor check completed. Leads: 7
2025-11-11 07:35:42,995 - INFO - Monitor check completed. Leads: 7
2025-11-11 07:36:13,033 - INFO - Monitor check completed. Leads: 7
2025-11-11 07:36:43,067 - INFO - Monitor check completed. Leads: 7
2025-11-11 07:37:13,107 - INFO - Monitor check completed. Leads: 7
2025-11-11 07:37:43,141 - INFO - Monitor check completed. Leads: 7
2025-11-11 07:38:13,177 - INFO - Monitor check completed. Leads: 7
2025-11-11 07:38:43,213 - INFO - Monitor check completed. Leads: 7
2025-11-11 07:39:13,247 - INFO - Monitor check completed. Leads: 7
2025-11-11 07:39:43,282 - INFO - Monitor check completed. Leads: 7
2025-11-11 07:40:13,318 - INFO - Monitor check completed. Leads: 7
2025-11-11 07:40:43,355 - INFO - Monitor check completed. Leads: 7
2025-11-11 07:41:13,390 - INFO - Monitor check completed. Leads: 7
2025-11-11 07:41:43,424 - INFO - Monitor check completed. Leads: 7
2025-11-11 07:42:13,463 - INFO - Monitor check completed. Leads: 7
2025-11-11 07:42:43,501 - INFO - Monitor check completed. Leads: 7
2025-11-11 07:43:13,540 - INFO - Monitor check completed. Leads: 7
2025-11-11 07:43:43,578 - INFO - Monitor check completed. Leads: 7
2025-11-11 07:44:13,615 - INFO - Monitor check completed. Leads: 7
2025-11-11 07:44:43,651 - INFO - Monitor check completed. Leads: 7
2025-11-11 07:45:13,687 - INFO - Monitor check completed. Leads: 7
2025-11-11 07:45:43,723 - INFO - Monitor check completed. Leads: 7
2025-11-11 07:46:13,761 - INFO - Monitor check completed. Leads: 7
2025-11-11 07:46:43,792 - INFO - Monitor check completed. Leads: 7
2025-11-11 07:47:13,827 - INFO - Monitor check completed. Leads: 7
2025-11-11 07:47:43,861 - INFO - Monitor check completed. Leads: 7
2025-11-11 07:48:13,899 - INFO - Monitor check completed. Leads: 7
2025-11-11 07:48:43,934 - INFO - Monitor check completed. Leads: 7
2025-11-11 07:49:13,970 - INFO - Monitor check completed. Leads: 7
2025-11-11 07:49:44,006 - INFO - Monitor check completed. Leads: 7
2025-11-11 07:50:14,043 - INFO - Monitor check completed. Leads: 7
2025-11-11 07:50:44,078 - INFO - Monitor check completed. Leads: 7
2025-11-11 07:51:14,118 - INFO - Monitor check completed. Leads: 7
2025-11-11 07:51:44,153 - INFO - Monitor check completed. Leads: 7
2025-11-11 07:52:14,191 - INFO - Monitor check completed. Leads: 7
2025-11-11 07:52:44,227 - INFO - Monitor check completed. Leads: 7
2025-11-11 07:53:14,270 - INFO - Monitor check completed. Leads: 7
2025-11-11 07:53:44,304 - INFO - Monitor check completed. Leads: 7
2025-11-11 07:54:14,346 - INFO - Monitor check completed. Leads: 7
2025-11-11 07:54:44,382 - INFO - Monitor check completed. Leads: 7
2025-11-11 07:55:14,418 - INFO - Monitor check completed. Leads: 7
2025-11-11 07:55:44,454 - INFO - Monitor check completed. Leads: 7
2025-11-11 07:56:14,490 - INFO - Monitor check completed. Leads: 7
2025-11-11 07:56:44,526 - INFO - Monitor check completed. Leads: 7
2025-11-11 07:57:14,566 - INFO - Monitor check completed. Leads: 7
2025-11-11 07:57:44,600 - INFO - Monitor check completed. Leads: 7
2025-11-11 07:58:14,637 - INFO - Monitor check completed. Leads: 7
2025-11-11 07:58:44,673 - INFO - Monitor check completed. Leads: 7
2025-11-11 07:59:14,707 - INFO - Monitor check completed. Leads: 7
2025-11-11 07:59:44,741 - INFO - Monitor check completed. Leads: 7
2025-11-11 08:00:15,306 - INFO - ✅ Telegram alert poslat
2025-11-11 08:00:15,649 - INFO - ✅ Telegram alert poslat
2025-11-11 08:00:15,650 - INFO - Monitor check completed. Leads: 7
2025-11-11 08:00:46,057 - INFO - ✅ Telegram alert poslat
2025-11-11 08:00:46,058 - INFO - Monitor check completed. Leads: 7
2025-11-11 08:01:16,093 - INFO - Monitor check completed. Leads: 7
2025-11-11 08:01:46,126 - INFO - Monitor check completed. Leads: 7
2025-11-11 08:02:16,176 - INFO - Monitor check completed. Leads: 7
2025-11-11 08:02:46,210 - INFO - Monitor check completed. Leads: 7
2025-11-11 08:03:16,246 - INFO - Monitor check completed. Leads: 7
2025-11-11 08:03:46,281 - INFO - Monitor check completed. Leads: 7
2025-11-11 08:04:16,318 - INFO - Monitor check completed. Leads: 7
2025-11-11 08:04:46,353 - INFO - Monitor check completed. Leads: 7
2025-11-11 08:05:16,388 - INFO - Monitor check completed. Leads: 7
2025-11-11 08:05:46,423 - INFO - Monitor check completed. Leads: 7
2025-11-11 08:06:16,469 - INFO - Monitor check completed. Leads: 7
2025-11-11 08:06:46,507 - INFO - Monitor check completed. Leads: 7
2025-11-11 08:07:16,543 - INFO - Monitor check completed. Leads: 7
2025-11-11 08:07:46,578 - INFO - Monitor check completed. Leads: 7
2025-11-11 08:08:16,627 - INFO - Monitor check completed. Leads: 7
2025-11-11 08:08:46,665 - INFO - Monitor check completed. Leads: 7
2025-11-11 08:09:16,700 - INFO - Monitor check completed. Leads: 7
2025-11-11 08:09:46,735 - INFO - Monitor check completed. Leads: 7
2025-11-11 08:10:16,770 - INFO - Monitor check completed. Leads: 7
2025-11-11 08:10:46,805 - INFO - Monitor check completed. Leads: 7
2025-11-11 08:11:16,843 - INFO - Monitor check completed. Leads: 7
2025-11-11 08:11:46,876 - INFO - Monitor check completed. Leads: 7
2025-11-11 08:12:16,912 - INFO - Monitor check completed. Leads: 7
2025-11-11 08:12:46,961 - INFO - Monitor check completed. Leads: 7
2025-11-11 08:13:17,001 - INFO - Monitor check completed. Leads: 7
2025-11-11 08:13:47,038 - INFO - Monitor check completed. Leads: 7
2025-11-11 08:14:17,075 - INFO - Monitor check completed. Leads: 7
2025-11-11 08:14:47,109 - INFO - Monitor check completed. Leads: 7
2025-11-11 08:15:17,144 - INFO - Monitor check completed. Leads: 7
2025-11-11 08:15:47,179 - INFO - Monitor check completed. Leads: 7
2025-11-11 08:16:17,216 - INFO - Monitor check completed. Leads: 7
2025-11-11 08:16:47,250 - INFO - Monitor check completed. Leads: 7
2025-11-11 08:17:17,285 - INFO - Monitor check completed. Leads: 7
2025-11-11 08:17:47,322 - INFO - Monitor check completed. Leads: 7
2025-11-11 08:18:17,357 - INFO - Monitor check completed. Leads: 7
2025-11-11 08:18:47,393 - INFO - Monitor check completed. Leads: 7
2025-11-11 08:19:17,430 - INFO - Monitor check completed. Leads: 7
2025-11-11 08:19:47,466 - INFO - Monitor check completed. Leads: 7
2025-11-11 08:20:17,520 - INFO - Monitor check completed. Leads: 7
2025-11-11 08:20:47,557 - INFO - Monitor check completed. Leads: 7
2025-11-11 08:21:17,592 - INFO - Monitor check completed. Leads: 7
2025-11-11 08:21:47,719 - INFO - Monitor check completed. Leads: 7
2025-11-11 08:22:17,774 - INFO - Monitor check completed. Leads: 7
2025-11-11 08:22:47,819 - INFO - Monitor check completed. Leads: 7
2025-11-11 08:23:17,858 - INFO - Monitor check completed. Leads: 7
2025-11-11 08:23:47,893 - INFO - Monitor check completed. Leads: 7
2025-11-11 08:24:17,937 - INFO - Monitor check completed. Leads: 7
2025-11-11 08:24:47,990 - INFO - Monitor check completed. Leads: 7
2025-11-11 08:25:18,024 - INFO - Monitor check completed. Leads: 7
2025-11-11 08:25:48,064 - INFO - Monitor check completed. Leads: 7
2025-11-11 08:26:18,106 - INFO - Monitor check completed. Leads: 7
2025-11-11 08:26:48,143 - INFO - Monitor check completed. Leads: 7
2025-11-11 08:27:18,207 - INFO - Monitor check completed. Leads: 7
2025-11-11 08:27:48,243 - INFO - Monitor check completed. Leads: 7
2025-11-11 08:28:18,286 - INFO - Monitor check completed. Leads: 7
2025-11-11 08:28:48,324 - INFO - Monitor check completed. Leads: 7
2025-11-11 08:29:18,362 - INFO - Monitor check completed. Leads: 7
2025-11-11 08:29:48,447 - INFO - Monitor check completed. Leads: 7
2025-11-11 08:30:18,970 - INFO - ✅ Telegram alert poslat
2025-11-11 08:30:18,972 - INFO - Monitor check completed. Leads: 7
2025-11-11 08:30:50,381 - INFO - ✅ Telegram alert poslat
2025-11-11 08:30:50,395 - INFO - Monitor check completed. Leads: 7
2025-11-11 08:31:20,434 - INFO - Monitor check completed. Leads: 7
2025-11-11 08:31:50,469 - INFO - Monitor check completed. Leads: 7
2025-11-11 08:32:20,525 - INFO - Monitor check completed. Leads: 7
2025-11-11 08:32:50,567 - INFO - Monitor check completed. Leads: 7
2025-11-11 08:33:20,652 - INFO - Monitor check completed. Leads: 7
2025-11-11 08:33:50,689 - INFO - Monitor check completed. Leads: 7
2025-11-11 08:34:20,747 - INFO - Monitor check completed. Leads: 7
2025-11-11 08:34:50,785 - INFO - Monitor check completed. Leads: 7
2025-11-11 08:35:20,823 - INFO - Monitor check completed. Leads: 7
2025-11-11 08:35:50,861 - INFO - Monitor check completed. Leads: 7
2025-11-11 08:36:20,905 - INFO - Monitor check completed. Leads: 7
2025-11-11 08:36:50,954 - INFO - Monitor check completed. Leads: 7
2025-11-11 08:37:21,000 - INFO - Monitor check completed. Leads: 7
2025-11-11 08:37:51,037 - INFO - Monitor check completed. Leads: 7
2025-11-11 08:38:21,077 - INFO - Monitor check completed. Leads: 7
2025-11-11 08:38:51,114 - INFO - Monitor check completed. Leads: 7
2025-11-11 08:39:21,193 - INFO - Monitor check completed. Leads: 7
2025-11-11 08:39:51,228 - INFO - Monitor check completed. Leads: 7
2025-11-11 08:40:21,273 - INFO - Monitor check completed. Leads: 7
2025-11-11 08:40:51,309 - INFO - Monitor check completed. Leads: 7
2025-11-11 08:41:21,345 - INFO - Monitor check completed. Leads: 7
2025-11-11 08:41:51,393 - INFO - Monitor check completed. Leads: 7
2025-11-11 08:42:21,434 - INFO - Monitor check completed. Leads: 7
2025-11-11 08:42:51,473 - INFO - Monitor check completed. Leads: 7
2025-11-11 08:43:21,509 - INFO - Monitor check completed. Leads: 7
2025-11-11 08:43:51,555 - INFO - Monitor check completed. Leads: 7
2025-11-11 08:44:21,597 - INFO - Monitor check completed. Leads: 7
2025-11-11 08:44:51,636 - INFO - Monitor check completed. Leads: 7
2025-11-11 08:45:21,701 - INFO - Monitor check completed. Leads: 7
2025-11-11 08:45:51,737 - INFO - Monitor check completed. Leads: 7
2025-11-11 08:46:21,794 - INFO - Monitor check completed. Leads: 7
2025-11-11 08:46:51,843 - INFO - Monitor check completed. Leads: 7
2025-11-11 08:47:21,879 - INFO - Monitor check completed. Leads: 7
2025-11-11 08:47:51,919 - INFO - Monitor check completed. Leads: 7
2025-11-11 08:48:21,972 - INFO - Monitor check completed. Leads: 7
2025-11-11 08:48:52,066 - INFO - Monitor check completed. Leads: 7
2025-11-11 08:49:22,100 - INFO - Monitor check completed. Leads: 7
2025-11-11 08:49:52,136 - INFO - Monitor check completed. Leads: 7
2025-11-11 08:50:22,173 - INFO - Monitor check completed. Leads: 7
2025-11-11 08:50:52,209 - INFO - Monitor check completed. Leads: 7
2025-11-11 08:51:22,275 - INFO - Monitor check completed. Leads: 7
2025-11-11 08:51:52,312 - INFO - Monitor check completed. Leads: 7
2025-11-11 08:52:22,359 - INFO - Monitor check completed. Leads: 7
2025-11-11 08:52:52,395 - INFO - Monitor check completed. Leads: 7
2025-11-11 08:53:22,447 - INFO - Monitor check completed. Leads: 7
2025-11-11 08:53:52,488 - INFO - Monitor check completed. Leads: 7
2025-11-11 08:54:22,527 - INFO - Monitor check completed. Leads: 7
2025-11-11 08:54:52,567 - INFO - Monitor check completed. Leads: 7
2025-11-11 08:55:22,607 - INFO - Monitor check completed. Leads: 7
2025-11-11 08:55:52,662 - INFO - Monitor check completed. Leads: 7
2025-11-11 08:56:22,745 - INFO - Monitor check completed. Leads: 7
2025-11-11 08:56:52,798 - INFO - Monitor check completed. Leads: 7
2025-11-11 08:57:22,868 - INFO - Monitor check completed. Leads: 7
2025-11-11 08:57:52,906 - INFO - Monitor check completed. Leads: 7
2025-11-11 08:58:22,962 - INFO - Monitor check completed. Leads: 7
2025-11-11 08:58:52,999 - INFO - Monitor check completed. Leads: 7
2025-11-11 08:59:23,037 - INFO - Monitor check completed. Leads: 7
2025-11-11 08:59:53,074 - INFO - Monitor check completed. Leads: 7
2025-11-11 09:00:23,668 - INFO - ✅ Telegram alert poslat
2025-11-11 09:00:23,671 - INFO - Monitor check completed. Leads: 7
2025-11-11 09:00:54,092 - INFO - ✅ Telegram alert poslat
2025-11-11 09:00:54,113 - INFO - Monitor check completed. Leads: 7
2025-11-11 09:01:24,152 - INFO - Monitor check completed. Leads: 7
2025-11-11 09:01:54,187 - INFO - Monitor check completed. Leads: 7
2025-11-11 09:02:24,240 - INFO - Monitor check completed. Leads: 7
2025-11-11 09:02:54,278 - INFO - Monitor check completed. Leads: 7
2025-11-11 09:03:24,368 - INFO - Monitor check completed. Leads: 7
2025-11-11 09:03:54,447 - INFO - Monitor check completed. Leads: 7
2025-11-11 09:04:24,500 - INFO - Monitor check completed. Leads: 7
2025-11-11 09:04:54,537 - INFO - Monitor check completed. Leads: 7
2025-11-11 09:05:24,572 - INFO - Monitor check completed. Leads: 7
2025-11-11 09:05:54,616 - INFO - Monitor check completed. Leads: 7
2025-11-11 09:06:24,657 - INFO - Monitor check completed. Leads: 7
2025-11-11 09:06:54,705 - INFO - Monitor check completed. Leads: 7
2025-11-11 09:07:24,773 - INFO - Monitor check completed. Leads: 7
2025-11-11 09:07:54,818 - INFO - Monitor check completed. Leads: 7
2025-11-11 09:08:24,860 - INFO - Monitor check completed. Leads: 7
2025-11-11 09:08:54,895 - INFO - Monitor check completed. Leads: 7
2025-11-11 09:09:24,934 - INFO - Monitor check completed. Leads: 7
2025-11-11 09:09:54,971 - INFO - Monitor check completed. Leads: 7
2025-11-11 09:10:25,046 - INFO - Monitor check completed. Leads: 7
2025-11-11 09:10:55,085 - INFO - Monitor check completed. Leads: 7
2025-11-11 09:11:25,126 - INFO - Monitor check completed. Leads: 7
2025-11-11 09:11:55,166 - INFO - Monitor check completed. Leads: 7
2025-11-11 09:12:25,203 - INFO - Monitor check completed. Leads: 7
2025-11-11 09:12:55,316 - INFO - Monitor check completed. Leads: 7
2025-11-11 09:13:25,352 - INFO - Monitor check completed. Leads: 7
2025-11-11 09:13:55,387 - INFO - Monitor check completed. Leads: 7
2025-11-11 09:14:25,431 - INFO - Monitor check completed. Leads: 7
2025-11-11 09:14:55,466 - INFO - Monitor check completed. Leads: 7
2025-11-11 09:15:25,517 - INFO - Monitor check completed. Leads: 7
2025-11-11 09:15:55,552 - INFO - Monitor check completed. Leads: 7
2025-11-11 09:16:25,591 - INFO - Monitor check completed. Leads: 7
2025-11-11 09:16:55,626 - INFO - Monitor check completed. Leads: 7
2025-11-11 09:17:25,661 - INFO - Monitor check completed. Leads: 7
2025-11-11 09:17:55,701 - INFO - Monitor check completed. Leads: 7
2025-11-11 09:18:25,737 - INFO - Monitor check completed. Leads: 7
2025-11-11 09:18:55,779 - INFO - Monitor check completed. Leads: 7
2025-11-11 09:19:25,814 - INFO - Monitor check completed. Leads: 7
2025-11-11 09:19:55,850 - INFO - Monitor check completed. Leads: 7
2025-11-11 09:20:25,890 - INFO - Monitor check completed. Leads: 7
2025-11-11 09:20:55,927 - INFO - Monitor check completed. Leads: 7
2025-11-11 09:21:25,963 - INFO - Monitor check completed. Leads: 7
2025-11-11 09:21:55,996 - INFO - Monitor check completed. Leads: 7
2025-11-11 09:22:26,123 - INFO - Monitor check completed. Leads: 7
2025-11-11 09:22:56,166 - INFO - Monitor check completed. Leads: 7
2025-11-11 09:23:26,203 - INFO - Monitor check completed. Leads: 7
2025-11-11 09:23:56,249 - INFO - Monitor check completed. Leads: 7
2025-11-11 09:24:26,289 - INFO - Monitor check completed. Leads: 7
2025-11-11 09:24:56,355 - INFO - Monitor check completed. Leads: 7
2025-11-11 09:25:26,392 - INFO - Monitor check completed. Leads: 7
2025-11-11 09:25:56,431 - INFO - Monitor check completed. Leads: 7
2025-11-11 09:26:26,466 - INFO - Monitor check completed. Leads: 7
2025-11-11 09:26:56,510 - INFO - Monitor check completed. Leads: 7
2025-11-11 09:27:26,546 - INFO - Monitor check completed. Leads: 7
2025-11-11 09:27:56,581 - INFO - Monitor check completed. Leads: 7
2025-11-11 09:28:26,619 - INFO - Monitor check completed. Leads: 7
2025-11-11 09:28:56,656 - INFO - Monitor check completed. Leads: 7
2025-11-11 09:29:26,726 - INFO - Monitor check completed. Leads: 7
2025-11-11 09:29:56,762 - INFO - Monitor check completed. Leads: 7
2025-11-11 09:30:27,351 - INFO - ✅ Telegram alert poslat
2025-11-11 09:30:27,353 - INFO - Monitor check completed. Leads: 7
2025-11-11 09:30:57,804 - INFO - ✅ Telegram alert poslat
2025-11-11 09:30:57,806 - INFO - Monitor check completed. Leads: 7
2025-11-11 09:31:27,847 - INFO - Monitor check completed. Leads: 7
2025-11-11 09:31:57,889 - INFO - Monitor check completed. Leads: 7
2025-11-11 09:32:27,926 - INFO - Monitor check completed. Leads: 7
2025-11-11 09:32:57,961 - INFO - Monitor check completed. Leads: 7
2025-11-11 09:33:28,007 - INFO - Monitor check completed. Leads: 7
2025-11-11 09:33:58,041 - INFO - Monitor check completed. Leads: 7
2025-11-11 09:34:28,114 - INFO - Monitor check completed. Leads: 7
2025-11-11 09:34:58,150 - INFO - Monitor check completed. Leads: 7
2025-11-11 09:35:28,187 - INFO - Monitor check completed. Leads: 7
2025-11-11 09:35:58,224 - INFO - Monitor check completed. Leads: 7
2025-11-11 09:36:28,273 - INFO - Monitor check completed. Leads: 7
2025-11-11 09:36:58,322 - INFO - Monitor check completed. Leads: 7
2025-11-11 09:37:28,358 - INFO - Monitor check completed. Leads: 7
2025-11-11 09:37:58,432 - INFO - Monitor check completed. Leads: 7
2025-11-11 09:38:28,468 - INFO - Monitor check completed. Leads: 7
2025-11-11 09:38:58,506 - INFO - Monitor check completed. Leads: 7
2025-11-11 09:39:28,557 - INFO - Monitor check completed. Leads: 7
2025-11-11 09:39:58,593 - INFO - Monitor check completed. Leads: 7
2025-11-11 09:40:28,627 - INFO - Monitor check completed. Leads: 7
2025-11-11 09:40:58,667 - INFO - Monitor check completed. Leads: 7
2025-11-11 09:41:28,720 - INFO - Monitor check completed. Leads: 7
2025-11-11 09:41:58,757 - INFO - Monitor check completed. Leads: 7
2025-11-11 09:42:28,800 - INFO - Monitor check completed. Leads: 7
2025-11-11 09:42:58,835 - INFO - Monitor check completed. Leads: 7
2025-11-11 09:43:28,875 - INFO - Monitor check completed. Leads: 7
2025-11-11 09:43:58,933 - INFO - Monitor check completed. Leads: 7
2025-11-11 09:44:28,972 - INFO - Monitor check completed. Leads: 7
2025-11-11 09:44:59,008 - INFO - Monitor check completed. Leads: 7
2025-11-11 09:45:29,048 - INFO - Monitor check completed. Leads: 7
2025-11-11 09:45:59,085 - INFO - Monitor check completed. Leads: 7
2025-11-11 09:46:29,159 - INFO - Monitor check completed. Leads: 7
2025-11-11 09:46:59,196 - INFO - Monitor check completed. Leads: 7
2025-11-11 09:47:29,234 - INFO - Monitor check completed. Leads: 7
2025-11-11 09:47:59,269 - INFO - Monitor check completed. Leads: 7
2025-11-11 09:48:29,306 - INFO - Monitor check completed. Leads: 7
2025-11-11 09:48:59,341 - INFO - Monitor check completed. Leads: 7
2025-11-11 09:49:29,376 - INFO - Monitor check completed. Leads: 7
2025-11-11 09:49:59,412 - INFO - Monitor check completed. Leads: 7
2025-11-11 09:50:29,448 - INFO - Monitor check completed. Leads: 7
2025-11-11 09:50:59,483 - INFO - Monitor check completed. Leads: 7
2025-11-11 09:51:29,533 - INFO - Monitor check completed. Leads: 7
2025-11-11 09:51:59,567 - INFO - Monitor check completed. Leads: 7
2025-11-11 09:52:29,608 - INFO - Monitor check completed. Leads: 7
2025-11-11 09:52:59,643 - INFO - Monitor check completed. Leads: 7
2025-11-11 09:53:29,679 - INFO - Monitor check completed. Leads: 7
2025-11-11 09:53:59,760 - INFO - Monitor check completed. Leads: 7
2025-11-11 09:54:29,809 - INFO - Monitor check completed. Leads: 7
2025-11-11 09:54:59,844 - INFO - Monitor check completed. Leads: 7
2025-11-11 09:55:29,878 - INFO - Monitor check completed. Leads: 7
2025-11-11 09:55:59,913 - INFO - Monitor check completed. Leads: 7
2025-11-11 09:56:29,947 - INFO - Monitor check completed. Leads: 7
2025-11-11 09:56:59,986 - INFO - Monitor check completed. Leads: 7
2025-11-11 09:57:30,020 - INFO - Monitor check completed. Leads: 7
2025-11-11 09:58:00,055 - INFO - Monitor check completed. Leads: 7
2025-11-11 09:58:30,090 - INFO - Monitor check completed. Leads: 7
2025-11-11 09:59:00,124 - INFO - Monitor check completed. Leads: 7
2025-11-11 09:59:30,157 - INFO - Monitor check completed. Leads: 7
2025-11-11 10:00:00,833 - INFO - ✅ Telegram alert poslat
2025-11-11 10:00:00,836 - INFO - Monitor check completed. Leads: 7
2025-11-11 10:00:31,208 - INFO - ✅ Telegram alert poslat
2025-11-11 10:00:31,210 - INFO - Monitor check completed. Leads: 7
2025-11-11 10:01:01,246 - INFO - Monitor check completed. Leads: 7
2025-11-11 10:01:31,282 - INFO - Monitor check completed. Leads: 7
2025-11-11 10:02:01,317 - INFO - Monitor check completed. Leads: 7
2025-11-11 10:02:31,352 - INFO - Monitor check completed. Leads: 7
2025-11-11 10:03:01,392 - INFO - Monitor check completed. Leads: 7
2025-11-11 10:03:31,426 - INFO - Monitor check completed. Leads: 7
2025-11-11 10:04:01,462 - INFO - Monitor check completed. Leads: 7
2025-11-11 10:04:31,497 - INFO - Monitor check completed. Leads: 7
2025-11-11 10:05:01,536 - INFO - Monitor check completed. Leads: 7
2025-11-11 10:05:31,571 - INFO - Monitor check completed. Leads: 7
2025-11-11 10:06:01,608 - INFO - Monitor check completed. Leads: 7
2025-11-11 10:06:31,642 - INFO - Monitor check completed. Leads: 7
2025-11-11 10:07:01,680 - INFO - Monitor check completed. Leads: 7
2025-11-11 10:07:31,714 - INFO - Monitor check completed. Leads: 7
2025-11-11 10:08:01,757 - INFO - Monitor check completed. Leads: 7
2025-11-11 10:08:31,792 - INFO - Monitor check completed. Leads: 7
2025-11-11 10:09:01,851 - INFO - Monitor check completed. Leads: 7
2025-11-11 10:09:31,886 - INFO - Monitor check completed. Leads: 7
2025-11-11 10:10:01,924 - INFO - Monitor check completed. Leads: 7
2025-11-11 10:10:31,959 - INFO - Monitor check completed. Leads: 7
2025-11-11 10:11:02,005 - INFO - Monitor check completed. Leads: 7
2025-11-11 10:11:32,042 - INFO - Monitor check completed. Leads: 7
2025-11-11 10:12:02,084 - INFO - Monitor check completed. Leads: 7
2025-11-11 10:12:32,123 - INFO - Monitor check completed. Leads: 7
2025-11-11 10:13:02,163 - INFO - Monitor check completed. Leads: 7
2025-11-11 10:13:32,198 - INFO - Monitor check completed. Leads: 7
2025-11-11 10:14:02,239 - INFO - Monitor check completed. Leads: 7
2025-11-11 10:14:32,276 - INFO - Monitor check completed. Leads: 7
2025-11-11 10:15:02,334 - INFO - Monitor check completed. Leads: 7
2025-11-11 10:15:32,369 - INFO - Monitor check completed. Leads: 7
2025-11-11 10:16:02,406 - INFO - Monitor check completed. Leads: 7
2025-11-11 10:16:32,441 - INFO - Monitor check completed. Leads: 7
2025-11-11 10:17:02,486 - INFO - Monitor check completed. Leads: 7
2025-11-11 10:17:32,520 - INFO - Monitor check completed. Leads: 7
2025-11-11 10:18:02,558 - INFO - Monitor check completed. Leads: 7
2025-11-11 10:18:32,593 - INFO - Monitor check completed. Leads: 7
2025-11-11 10:19:02,638 - INFO - Monitor check completed. Leads: 7
2025-11-11 10:19:32,678 - INFO - Monitor check completed. Leads: 7
2025-11-11 10:20:02,721 - INFO - Monitor check completed. Leads: 7
2025-11-11 10:20:32,768 - INFO - Monitor check completed. Leads: 7
2025-11-11 10:21:02,814 - INFO - Monitor check completed. Leads: 7
2025-11-11 10:21:32,849 - INFO - Monitor check completed. Leads: 7
2025-11-11 10:22:02,885 - INFO - Monitor check completed. Leads: 7
2025-11-11 10:22:32,920 - INFO - Monitor check completed. Leads: 7
2025-11-11 10:23:02,959 - INFO - Monitor check completed. Leads: 7
2025-11-11 10:23:32,994 - INFO - Monitor check completed. Leads: 7
2025-11-11 10:24:03,094 - INFO - Monitor check completed. Leads: 7
2025-11-11 10:24:33,129 - INFO - Monitor check completed. Leads: 7
2025-11-11 10:25:03,164 - INFO - Monitor check completed. Leads: 7
2025-11-11 10:25:33,200 - INFO - Monitor check completed. Leads: 7
2025-11-11 10:26:03,240 - INFO - Monitor check completed. Leads: 7
2025-11-11 10:26:33,280 - INFO - Monitor check completed. Leads: 7
2025-11-11 10:27:03,317 - INFO - Monitor check completed. Leads: 7
2025-11-11 10:27:33,352 - INFO - Monitor check completed. Leads: 7
2025-11-11 10:28:03,388 - INFO - Monitor check completed. Leads: 7
2025-11-11 10:28:33,424 - INFO - Monitor check completed. Leads: 7
2025-11-11 10:29:03,463 - INFO - Monitor check completed. Leads: 7
2025-11-11 10:29:33,497 - INFO - Monitor check completed. Leads: 7
2025-11-11 10:30:04,208 - INFO - ✅ Telegram alert poslat
2025-11-11 10:30:04,211 - INFO - Monitor check completed. Leads: 7
2025-11-11 10:30:34,636 - INFO - ✅ Telegram alert poslat
2025-11-11 10:30:34,639 - INFO - Monitor check completed. Leads: 7
2025-11-11 10:31:04,686 - INFO - Monitor check completed. Leads: 7
2025-11-11 10:31:34,721 - INFO - Monitor check completed. Leads: 7
2025-11-11 10:32:04,756 - INFO - Monitor check completed. Leads: 7
2025-11-11 10:32:34,791 - INFO - Monitor check completed. Leads: 7
2025-11-11 10:33:04,826 - INFO - Monitor check completed. Leads: 7
2025-11-11 10:33:34,864 - INFO - Monitor check completed. Leads: 7
2025-11-11 10:34:04,901 - INFO - Monitor check completed. Leads: 7
2025-11-11 10:34:34,936 - INFO - Monitor check completed. Leads: 7
2025-11-11 10:35:04,973 - INFO - Monitor check completed. Leads: 7
2025-11-11 10:35:35,008 - INFO - Monitor check completed. Leads: 7
2025-11-11 10:36:05,044 - INFO - Monitor check completed. Leads: 7
2025-11-11 10:36:35,079 - INFO - Monitor check completed. Leads: 7
2025-11-11 10:37:05,146 - INFO - Monitor check completed. Leads: 7
2025-11-11 10:37:35,182 - INFO - Monitor check completed. Leads: 7
2025-11-11 10:38:05,218 - INFO - Monitor check completed. Leads: 7
2025-11-11 10:38:35,254 - INFO - Monitor check completed. Leads: 7
2025-11-11 10:39:05,291 - INFO - Monitor check completed. Leads: 7
2025-11-11 10:39:35,325 - INFO - Monitor check completed. Leads: 7
2025-11-11 10:40:05,363 - INFO - Monitor check completed. Leads: 7
2025-11-11 10:40:35,402 - INFO - Monitor check completed. Leads: 7
2025-11-11 10:41:05,436 - INFO - Monitor check completed. Leads: 7
2025-11-11 10:41:35,471 - INFO - Monitor check completed. Leads: 7
2025-11-11 10:42:05,508 - INFO - Monitor check completed. Leads: 7
2025-11-11 10:42:35,543 - INFO - Monitor check completed. Leads: 7
2025-11-11 10:43:05,587 - INFO - Monitor check completed. Leads: 7
2025-11-11 10:43:35,621 - INFO - Monitor check completed. Leads: 7
2025-11-11 10:44:05,667 - INFO - Monitor check completed. Leads: 7
2025-11-11 10:44:35,701 - INFO - Monitor check completed. Leads: 7
2025-11-11 10:45:05,748 - INFO - Monitor check completed. Leads: 7
2025-11-11 10:45:35,781 - INFO - Monitor check completed. Leads: 7
2025-11-11 10:46:05,819 - INFO - Monitor check completed. Leads: 7
2025-11-11 10:46:35,855 - INFO - Monitor check completed. Leads: 7
2025-11-11 10:47:05,893 - INFO - Monitor check completed. Leads: 7
2025-11-11 10:47:35,944 - INFO - Monitor check completed. Leads: 7
2025-11-11 10:48:05,980 - INFO - Monitor check completed. Leads: 7
2025-11-11 10:48:36,015 - INFO - Monitor check completed. Leads: 7
2025-11-11 10:49:06,051 - INFO - Monitor check completed. Leads: 7
2025-11-11 10:49:36,085 - INFO - Monitor check completed. Leads: 7
2025-11-11 10:50:06,122 - INFO - Monitor check completed. Leads: 7
2025-11-11 10:50:36,157 - INFO - Monitor check completed. Leads: 7
2025-11-11 10:51:06,198 - INFO - Monitor check completed. Leads: 7
2025-11-11 10:51:36,234 - INFO - Monitor check completed. Leads: 7
2025-11-11 10:52:06,283 - INFO - Monitor check completed. Leads: 7
2025-11-11 10:52:36,319 - INFO - Monitor check completed. Leads: 7
2025-11-11 10:53:06,354 - INFO - Monitor check completed. Leads: 7
2025-11-11 10:53:36,388 - INFO - Monitor check completed. Leads: 7
2025-11-11 10:54:06,438 - INFO - Monitor check completed. Leads: 7
2025-11-11 10:54:36,474 - INFO - Monitor check completed. Leads: 7
2025-11-11 10:55:06,511 - INFO - Monitor check completed. Leads: 7
2025-11-11 10:55:36,546 - INFO - Monitor check completed. Leads: 7
2025-11-11 10:56:06,583 - INFO - Monitor check completed. Leads: 7
2025-11-11 10:56:36,655 - INFO - Monitor check completed. Leads: 7
2025-11-11 10:57:06,690 - INFO - Monitor check completed. Leads: 7
2025-11-11 10:57:36,724 - INFO - Monitor check completed. Leads: 7
2025-11-11 10:58:06,762 - INFO - Monitor check completed. Leads: 7
2025-11-11 10:58:36,798 - INFO - Monitor check completed. Leads: 7
2025-11-11 10:59:06,847 - INFO - Monitor check completed. Leads: 7
2025-11-11 10:59:36,881 - INFO - Monitor check completed. Leads: 7
2025-11-11 11:00:07,580 - INFO - ✅ Telegram alert poslat
2025-11-11 11:00:07,582 - INFO - Monitor check completed. Leads: 7
2025-11-11 11:00:37,975 - INFO - ✅ Telegram alert poslat
2025-11-11 11:00:37,977 - INFO - Monitor check completed. Leads: 7
2025-11-11 11:01:08,012 - INFO - Monitor check completed. Leads: 7
2025-11-11 11:01:38,048 - INFO - Monitor check completed. Leads: 7
2025-11-11 11:02:08,087 - INFO - Monitor check completed. Leads: 7
2025-11-11 11:02:38,121 - INFO - Monitor check completed. Leads: 7
2025-11-11 11:03:08,157 - INFO - Monitor check completed. Leads: 7
2025-11-11 11:03:38,192 - INFO - Monitor check completed. Leads: 7
2025-11-11 11:04:08,227 - INFO - Monitor check completed. Leads: 7
2025-11-11 11:04:38,265 - INFO - Monitor check completed. Leads: 7
2025-11-11 11:05:08,302 - INFO - Monitor check completed. Leads: 7
2025-11-11 11:05:38,337 - INFO - Monitor check completed. Leads: 7
2025-11-11 11:06:08,382 - INFO - Monitor check completed. Leads: 7
2025-11-11 11:06:38,421 - INFO - Monitor check completed. Leads: 7
2025-11-11 11:07:08,459 - INFO - Monitor check completed. Leads: 7
2025-11-11 11:07:38,495 - INFO - Monitor check completed. Leads: 7
2025-11-11 11:08:08,533 - INFO - Monitor check completed. Leads: 7
2025-11-11 11:08:38,650 - INFO - Monitor check completed. Leads: 7
2025-11-11 11:09:08,707 - INFO - Monitor check completed. Leads: 7
2025-11-11 11:09:38,746 - INFO - Monitor check completed. Leads: 7
2025-11-11 11:10:08,782 - INFO - Monitor check completed. Leads: 7
2025-11-11 11:10:38,820 - INFO - Monitor check completed. Leads: 7
2025-11-11 11:11:08,856 - INFO - Monitor check completed. Leads: 7
2025-11-11 11:11:38,901 - INFO - Monitor check completed. Leads: 7
2025-11-11 11:12:08,939 - INFO - Monitor check completed. Leads: 7
2025-11-11 11:12:38,975 - INFO - Monitor check completed. Leads: 7
2025-11-11 11:13:09,014 - INFO - Monitor check completed. Leads: 7
2025-11-11 11:13:39,051 - INFO - Monitor check completed. Leads: 7
2025-11-11 11:14:09,113 - INFO - Monitor check completed. Leads: 7
2025-11-11 11:14:39,149 - INFO - Monitor check completed. Leads: 7
2025-11-11 11:15:09,184 - INFO - Monitor check completed. Leads: 7
2025-11-11 11:15:39,218 - INFO - Monitor check completed. Leads: 7
2025-11-11 11:16:09,256 - INFO - Monitor check completed. Leads: 7
2025-11-11 11:16:39,290 - INFO - Monitor check completed. Leads: 7
2025-11-11 11:17:09,325 - INFO - Monitor check completed. Leads: 7
2025-11-11 11:17:39,360 - INFO - Monitor check completed. Leads: 7
2025-11-11 11:18:09,399 - INFO - Monitor check completed. Leads: 7
2025-11-11 11:18:39,433 - INFO - Monitor check completed. Leads: 7
2025-11-11 11:19:09,468 - INFO - Monitor check completed. Leads: 7
2025-11-11 11:19:39,502 - INFO - Monitor check completed. Leads: 7
2025-11-11 11:20:09,541 - INFO - Monitor check completed. Leads: 7
2025-11-11 11:20:39,576 - INFO - Monitor check completed. Leads: 7
2025-11-11 11:21:09,611 - INFO - Monitor check completed. Leads: 7
2025-11-11 11:21:39,646 - INFO - Monitor check completed. Leads: 7
2025-11-11 11:22:09,687 - INFO - Monitor check completed. Leads: 7
2025-11-11 11:22:39,722 - INFO - Monitor check completed. Leads: 7
2025-11-11 11:23:09,757 - INFO - Monitor check completed. Leads: 7
2025-11-11 11:23:39,790 - INFO - Monitor check completed. Leads: 7
2025-11-11 11:24:09,825 - INFO - Monitor check completed. Leads: 7
2025-11-11 11:24:39,859 - INFO - Monitor check completed. Leads: 7
2025-11-11 11:25:09,899 - INFO - Monitor check completed. Leads: 7
2025-11-11 11:25:39,933 - INFO - Monitor check completed. Leads: 7
2025-11-11 11:26:09,970 - INFO - Monitor check completed. Leads: 7
2025-11-11 11:26:40,005 - INFO - Monitor check completed. Leads: 7
2025-11-11 11:27:10,040 - INFO - Monitor check completed. Leads: 7
2025-11-11 11:27:40,076 - INFO - Monitor check completed. Leads: 7
2025-11-11 11:28:10,112 - INFO - Monitor check completed. Leads: 7
2025-11-11 11:28:40,149 - INFO - Monitor check completed. Leads: 7
2025-11-11 11:29:10,185 - INFO - Monitor check completed. Leads: 7
2025-11-11 11:29:40,222 - INFO - Monitor check completed. Leads: 7
2025-11-11 11:30:10,818 - INFO - ✅ Telegram alert poslat
2025-11-11 11:30:10,820 - INFO - Monitor check completed. Leads: 7
2025-11-11 11:30:41,219 - INFO - ✅ Telegram alert poslat
2025-11-11 11:30:41,221 - INFO - Monitor check completed. Leads: 7
2025-11-11 11:31:11,257 - INFO - Monitor check completed. Leads: 7
2025-11-11 11:31:41,293 - INFO - Monitor check completed. Leads: 7
2025-11-11 11:32:11,331 - INFO - Monitor check completed. Leads: 7
2025-11-11 11:32:41,366 - INFO - Monitor check completed. Leads: 7
2025-11-11 11:33:11,469 - INFO - Monitor check completed. Leads: 7
2025-11-11 11:33:41,503 - INFO - Monitor check completed. Leads: 7
2025-11-11 11:34:11,536 - INFO - Monitor check completed. Leads: 7
2025-11-11 11:34:41,573 - INFO - Monitor check completed. Leads: 7
2025-11-11 11:35:11,609 - INFO - Monitor check completed. Leads: 7
2025-11-11 11:35:41,645 - INFO - Monitor check completed. Leads: 7
2025-11-11 11:36:11,681 - INFO - Monitor check completed. Leads: 7
2025-11-11 11:36:41,717 - INFO - Monitor check completed. Leads: 7
2025-11-11 11:37:11,753 - INFO - Monitor check completed. Leads: 7
2025-11-11 11:37:41,788 - INFO - Monitor check completed. Leads: 7
2025-11-11 11:38:11,825 - INFO - Monitor check completed. Leads: 7
2025-11-11 11:38:41,860 - INFO - Monitor check completed. Leads: 7
2025-11-11 11:39:11,905 - INFO - Monitor check completed. Leads: 7
2025-11-11 11:39:41,939 - INFO - Monitor check completed. Leads: 7
2025-11-11 11:40:11,974 - INFO - Monitor check completed. Leads: 7
2025-11-11 11:40:42,010 - INFO - Monitor check completed. Leads: 7
2025-11-11 11:41:12,045 - INFO - Monitor check completed. Leads: 7
2025-11-11 11:41:42,110 - INFO - Monitor check completed. Leads: 7
2025-11-11 11:42:12,147 - INFO - Monitor check completed. Leads: 7
2025-11-11 11:42:42,182 - INFO - Monitor check completed. Leads: 7
2025-11-11 11:43:12,216 - INFO - Monitor check completed. Leads: 7
2025-11-11 11:43:42,251 - INFO - Monitor check completed. Leads: 7
2025-11-11 11:44:12,286 - INFO - Monitor check completed. Leads: 7
2025-11-11 11:44:42,322 - INFO - Monitor check completed. Leads: 7
2025-11-11 11:45:12,356 - INFO - Monitor check completed. Leads: 7
2025-11-11 11:45:42,390 - INFO - Monitor check completed. Leads: 7
2025-11-11 11:46:12,426 - INFO - Monitor check completed. Leads: 7
2025-11-11 11:46:42,463 - INFO - Monitor check completed. Leads: 7
2025-11-11 11:47:12,499 - INFO - Monitor check completed. Leads: 7
2025-11-11 11:47:42,538 - INFO - Monitor check completed. Leads: 7
2025-11-11 11:48:12,573 - INFO - Monitor check completed. Leads: 7
2025-11-11 11:48:42,608 - INFO - Monitor check completed. Leads: 7
2025-11-11 11:49:12,643 - INFO - Monitor check completed. Leads: 7
2025-11-11 11:49:42,678 - INFO - Monitor check completed. Leads: 7
2025-11-11 11:50:12,721 - INFO - Monitor check completed. Leads: 7
2025-11-11 11:50:42,759 - INFO - Monitor check completed. Leads: 7
2025-11-11 11:51:12,811 - INFO - Monitor check completed. Leads: 7
2025-11-11 11:51:42,845 - INFO - Monitor check completed. Leads: 7
2025-11-11 11:52:12,883 - INFO - Monitor check completed. Leads: 7
2025-11-11 11:52:42,918 - INFO - Monitor check completed. Leads: 7
2025-11-11 11:53:12,957 - INFO - Monitor check completed. Leads: 7
2025-11-11 11:53:42,992 - INFO - Monitor check completed. Leads: 7
2025-11-11 11:54:13,028 - INFO - Monitor check completed. Leads: 7
2025-11-11 11:54:43,062 - INFO - Monitor check completed. Leads: 7
2025-11-11 11:55:13,098 - INFO - Monitor check completed. Leads: 7
2025-11-11 11:55:43,133 - INFO - Monitor check completed. Leads: 7
2025-11-11 11:56:13,169 - INFO - Monitor check completed. Leads: 7
2025-11-11 11:56:43,204 - INFO - Monitor check completed. Leads: 7
2025-11-11 11:57:13,238 - INFO - Monitor check completed. Leads: 7
2025-11-11 11:57:43,274 - INFO - Monitor check completed. Leads: 7
2025-11-11 11:58:13,341 - INFO - Monitor check completed. Leads: 7
2025-11-11 11:58:43,377 - INFO - Monitor check completed. Leads: 7
2025-11-11 11:59:13,420 - INFO - Monitor check completed. Leads: 7
2025-11-11 11:59:43,458 - INFO - Monitor check completed. Leads: 7
2025-11-11 12:00:13,927 - INFO - ✅ Telegram alert poslat
2025-11-11 12:00:13,931 - INFO - Monitor check completed. Leads: 7
2025-11-11 12:00:44,324 - INFO - ✅ Telegram alert poslat
2025-11-11 12:00:44,325 - INFO - Monitor check completed. Leads: 7
2025-11-11 12:01:14,362 - INFO - Monitor check completed. Leads: 7
2025-11-11 12:01:44,396 - INFO - Monitor check completed. Leads: 7
2025-11-11 12:02:14,434 - INFO - Monitor check completed. Leads: 7
2025-11-11 12:02:44,477 - INFO - Monitor check completed. Leads: 7
2025-11-11 12:03:14,512 - INFO - Monitor check completed. Leads: 7
2025-11-11 12:03:44,547 - INFO - Monitor check completed. Leads: 7
2025-11-11 12:04:14,582 - INFO - Monitor check completed. Leads: 7
2025-11-11 12:04:44,617 - INFO - Monitor check completed. Leads: 7
2025-11-11 12:05:14,651 - INFO - Monitor check completed. Leads: 7
2025-11-11 12:05:44,686 - INFO - Monitor check completed. Leads: 7
2025-11-11 12:06:14,723 - INFO - Monitor check completed. Leads: 7
2025-11-11 12:06:44,758 - INFO - Monitor check completed. Leads: 7
2025-11-11 12:07:14,792 - INFO - Monitor check completed. Leads: 7
2025-11-11 12:07:44,828 - INFO - Monitor check completed. Leads: 7
2025-11-11 12:08:14,866 - INFO - Monitor check completed. Leads: 7
2025-11-11 12:08:44,902 - INFO - Monitor check completed. Leads: 7
2025-11-11 12:09:14,938 - INFO - Monitor check completed. Leads: 7
2025-11-11 12:09:44,974 - INFO - Monitor check completed. Leads: 7
2025-11-11 12:10:15,011 - INFO - Monitor check completed. Leads: 7
2025-11-11 12:10:45,046 - INFO - Monitor check completed. Leads: 7
2025-11-11 12:11:15,081 - INFO - Monitor check completed. Leads: 7
2025-11-11 12:11:45,116 - INFO - Monitor check completed. Leads: 7
2025-11-11 12:12:15,154 - INFO - Monitor check completed. Leads: 7
2025-11-11 12:12:45,188 - INFO - Monitor check completed. Leads: 7
2025-11-11 12:13:15,223 - INFO - Monitor check completed. Leads: 7
2025-11-11 12:13:45,262 - INFO - Monitor check completed. Leads: 7
2025-11-11 12:14:15,299 - INFO - Monitor check completed. Leads: 7
2025-11-11 12:14:45,334 - INFO - Monitor check completed. Leads: 7
2025-11-11 12:15:15,369 - INFO - Monitor check completed. Leads: 7
2025-11-11 12:15:45,403 - INFO - Monitor check completed. Leads: 7
2025-11-11 12:16:15,441 - INFO - Monitor check completed. Leads: 7
2025-11-11 12:16:45,475 - INFO - Monitor check completed. Leads: 7
2025-11-11 12:17:15,511 - INFO - Monitor check completed. Leads: 7
2025-11-11 12:17:45,548 - INFO - Monitor check completed. Leads: 7
2025-11-11 12:18:15,590 - INFO - Monitor check completed. Leads: 7
2025-11-11 12:18:45,627 - INFO - Monitor check completed. Leads: 7
2025-11-11 12:19:15,664 - INFO - Monitor check completed. Leads: 7
2025-11-11 12:19:45,713 - INFO - Monitor check completed. Leads: 7
2025-11-11 12:20:15,748 - INFO - Monitor check completed. Leads: 7
2025-11-11 12:20:45,785 - INFO - Monitor check completed. Leads: 7
2025-11-11 12:21:15,820 - INFO - Monitor check completed. Leads: 7
2025-11-11 12:21:45,867 - INFO - Monitor check completed. Leads: 7
2025-11-11 12:22:15,906 - INFO - Monitor check completed. Leads: 7
2025-11-11 12:22:45,945 - INFO - Monitor check completed. Leads: 7
2025-11-11 12:23:15,979 - INFO - Monitor check completed. Leads: 7
2025-11-11 12:23:46,015 - INFO - Monitor check completed. Leads: 7
2025-11-11 12:24:16,052 - INFO - Monitor check completed. Leads: 7
2025-11-11 12:24:46,087 - INFO - Monitor check completed. Leads: 7
2025-11-11 12:25:16,120 - INFO - Monitor check completed. Leads: 7
2025-11-11 12:25:46,155 - INFO - Monitor check completed. Leads: 7
2025-11-11 12:26:16,195 - INFO - Monitor check completed. Leads: 7
2025-11-11 12:26:46,231 - INFO - Monitor check completed. Leads: 7
2025-11-11 12:27:16,265 - INFO - Monitor check completed. Leads: 7
2025-11-11 12:27:46,299 - INFO - Monitor check completed. Leads: 7
2025-11-11 12:28:16,335 - INFO - Monitor check completed. Leads: 7
2025-11-11 12:28:46,377 - INFO - Monitor check completed. Leads: 7
2025-11-11 12:29:16,411 - INFO - Monitor check completed. Leads: 7
2025-11-11 12:29:46,446 - INFO - Monitor check completed. Leads: 7
2025-11-11 12:30:17,033 - INFO - ✅ Telegram alert poslat
2025-11-11 12:30:17,036 - INFO - Monitor check completed. Leads: 7
2025-11-11 12:30:47,423 - INFO - ✅ Telegram alert poslat
2025-11-11 12:30:47,424 - INFO - Monitor check completed. Leads: 7
2025-11-11 12:31:17,475 - INFO - Monitor check completed. Leads: 7
2025-11-11 12:31:47,510 - INFO - Monitor check completed. Leads: 7
2025-11-11 12:32:17,545 - INFO - Monitor check completed. Leads: 7
2025-11-11 12:32:47,581 - INFO - Monitor check completed. Leads: 7
2025-11-11 12:33:17,616 - INFO - Monitor check completed. Leads: 7
2025-11-11 12:33:47,651 - INFO - Monitor check completed. Leads: 7
2025-11-11 12:34:17,687 - INFO - Monitor check completed. Leads: 7
2025-11-11 12:34:47,723 - INFO - Monitor check completed. Leads: 7
2025-11-11 12:35:17,757 - INFO - Monitor check completed. Leads: 7
2025-11-11 12:35:47,792 - INFO - Monitor check completed. Leads: 7
2025-11-11 12:36:17,829 - INFO - Monitor check completed. Leads: 7
2025-11-11 12:36:47,867 - INFO - Monitor check completed. Leads: 7
2025-11-11 12:37:17,902 - INFO - Monitor check completed. Leads: 7
2025-11-11 12:37:47,938 - INFO - Monitor check completed. Leads: 7
2025-11-11 12:38:17,990 - INFO - Monitor check completed. Leads: 7
2025-11-11 12:38:48,029 - INFO - Monitor check completed. Leads: 7
2025-11-11 12:39:18,070 - INFO - Monitor check completed. Leads: 7
2025-11-11 12:39:48,105 - INFO - Monitor check completed. Leads: 7
2025-11-11 12:40:18,141 - INFO - Monitor check completed. Leads: 7
2025-11-11 12:40:48,177 - INFO - Monitor check completed. Leads: 7
2025-11-11 12:41:18,215 - INFO - Monitor check completed. Leads: 7
2025-11-11 12:41:48,250 - INFO - Monitor check completed. Leads: 7
2025-11-11 12:42:18,286 - INFO - Monitor check completed. Leads: 7
2025-11-11 12:42:48,321 - INFO - Monitor check completed. Leads: 7
2025-11-11 12:43:18,371 - INFO - Monitor check completed. Leads: 7
2025-11-11 12:43:48,413 - INFO - Monitor check completed. Leads: 7
2025-11-11 12:44:18,448 - INFO - Monitor check completed. Leads: 7
2025-11-11 12:44:48,483 - INFO - Monitor check completed. Leads: 7
2025-11-11 12:45:18,518 - INFO - Monitor check completed. Leads: 7
2025-11-11 12:45:48,555 - INFO - Monitor check completed. Leads: 7
2025-11-11 12:46:18,600 - INFO - Monitor check completed. Leads: 7
2025-11-11 12:46:48,641 - INFO - Monitor check completed. Leads: 7
2025-11-11 12:47:18,678 - INFO - Monitor check completed. Leads: 7
2025-11-11 12:47:48,713 - INFO - Monitor check completed. Leads: 7
2025-11-11 12:48:18,849 - INFO - Monitor check completed. Leads: 7
2025-11-11 12:48:48,887 - INFO - Monitor check completed. Leads: 7
2025-11-11 12:49:18,924 - INFO - Monitor check completed. Leads: 7
2025-11-11 12:49:48,960 - INFO - Monitor check completed. Leads: 7
2025-11-11 12:50:19,011 - INFO - Monitor check completed. Leads: 7
2025-11-11 12:50:49,046 - INFO - Monitor check completed. Leads: 7
2025-11-11 12:51:19,080 - INFO - Monitor check completed. Leads: 7
2025-11-11 12:51:49,117 - INFO - Monitor check completed. Leads: 7
2025-11-11 12:52:19,154 - INFO - Monitor check completed. Leads: 7
2025-11-11 12:52:49,194 - INFO - Monitor check completed. Leads: 7
2025-11-11 12:53:19,245 - INFO - Monitor check completed. Leads: 7
2025-11-11 12:53:49,281 - INFO - Monitor check completed. Leads: 7
2025-11-11 12:54:19,319 - INFO - Monitor check completed. Leads: 7
2025-11-11 12:54:49,355 - INFO - Monitor check completed. Leads: 7
2025-11-11 12:55:19,390 - INFO - Monitor check completed. Leads: 7
2025-11-11 12:55:49,424 - INFO - Monitor check completed. Leads: 7
2025-11-11 12:56:19,468 - INFO - Monitor check completed. Leads: 7
2025-11-11 12:56:49,503 - INFO - Monitor check completed. Leads: 7
2025-11-11 12:57:19,536 - INFO - Monitor check completed. Leads: 7
2025-11-11 12:57:49,576 - INFO - Monitor check completed. Leads: 7
2025-11-11 12:58:19,611 - INFO - Monitor check completed. Leads: 7
2025-11-11 12:58:49,650 - INFO - Monitor check completed. Leads: 7
2025-11-11 12:59:19,685 - INFO - Monitor check completed. Leads: 7
2025-11-11 12:59:49,719 - INFO - Monitor check completed. Leads: 7
2025-11-11 13:00:20,546 - INFO - ✅ Telegram alert poslat
2025-11-11 13:00:20,548 - INFO - Monitor check completed. Leads: 7
2025-11-11 13:00:50,967 - INFO - ✅ Telegram alert poslat
2025-11-11 13:00:50,968 - INFO - Monitor check completed. Leads: 7
2025-11-11 13:01:21,004 - INFO - Monitor check completed. Leads: 7
2025-11-11 13:01:51,039 - INFO - Monitor check completed. Leads: 7
2025-11-11 13:02:21,074 - INFO - Monitor check completed. Leads: 7
2025-11-11 13:02:51,111 - INFO - Monitor check completed. Leads: 7
2025-11-11 13:03:21,146 - INFO - Monitor check completed. Leads: 7
2025-11-11 13:03:51,181 - INFO - Monitor check completed. Leads: 7
2025-11-11 13:04:21,221 - INFO - Monitor check completed. Leads: 7
2025-11-11 13:04:51,257 - INFO - Monitor check completed. Leads: 7
2025-11-11 13:05:21,291 - INFO - Monitor check completed. Leads: 7
2025-11-11 13:05:51,329 - INFO - Monitor check completed. Leads: 7
2025-11-11 13:06:21,363 - INFO - Monitor check completed. Leads: 7
2025-11-11 13:06:51,398 - INFO - Monitor check completed. Leads: 7
2025-11-11 13:07:21,438 - INFO - Monitor check completed. Leads: 7
2025-11-11 13:07:51,473 - INFO - Monitor check completed. Leads: 7
2025-11-11 13:08:21,510 - INFO - Monitor check completed. Leads: 7
2025-11-11 13:08:51,546 - INFO - Monitor check completed. Leads: 7
2025-11-11 13:09:21,583 - INFO - Monitor check completed. Leads: 7
2025-11-11 13:09:51,624 - INFO - Monitor check completed. Leads: 7
2025-11-11 13:10:21,674 - INFO - Monitor check completed. Leads: 7
2025-11-11 13:10:51,709 - INFO - Monitor check completed. Leads: 7
2025-11-11 13:11:21,744 - INFO - Monitor check completed. Leads: 7
2025-11-11 13:11:51,779 - INFO - Monitor check completed. Leads: 7
2025-11-11 13:12:21,817 - INFO - Monitor check completed. Leads: 7
2025-11-11 13:12:51,854 - INFO - Monitor check completed. Leads: 7
2025-11-11 13:13:21,888 - INFO - Monitor check completed. Leads: 7
2025-11-11 13:13:51,923 - INFO - Monitor check completed. Leads: 7
2025-11-11 13:14:21,963 - INFO - Monitor check completed. Leads: 7
2025-11-11 13:14:51,999 - INFO - Monitor check completed. Leads: 7
2025-11-11 13:15:22,034 - INFO - Monitor check completed. Leads: 7
2025-11-11 13:15:52,071 - INFO - Monitor check completed. Leads: 7
2025-11-11 13:16:22,106 - INFO - Monitor check completed. Leads: 7
2025-11-11 13:16:52,146 - INFO - Monitor check completed. Leads: 7
2025-11-11 13:17:22,181 - INFO - Monitor check completed. Leads: 7
2025-11-11 13:17:52,216 - INFO - Monitor check completed. Leads: 7
2025-11-11 13:18:22,253 - INFO - Monitor check completed. Leads: 7
2025-11-11 13:18:52,287 - INFO - Monitor check completed. Leads: 7
2025-11-11 13:19:22,340 - INFO - Monitor check completed. Leads: 7
2025-11-11 13:19:52,376 - INFO - Monitor check completed. Leads: 7
2025-11-11 13:20:22,413 - INFO - Monitor check completed. Leads: 7
2025-11-11 13:20:52,448 - INFO - Monitor check completed. Leads: 7
2025-11-11 13:21:22,484 - INFO - Monitor check completed. Leads: 7
2025-11-11 13:21:52,523 - INFO - Monitor check completed. Leads: 7
2025-11-11 13:22:22,560 - INFO - Monitor check completed. Leads: 7
2025-11-11 13:22:52,596 - INFO - Monitor check completed. Leads: 7
2025-11-11 13:23:22,631 - INFO - Monitor check completed. Leads: 7
2025-11-11 13:23:52,669 - INFO - Monitor check completed. Leads: 7
2025-11-11 13:24:22,713 - INFO - Monitor check completed. Leads: 7
2025-11-11 13:24:52,768 - INFO - Monitor check completed. Leads: 7
2025-11-11 13:25:22,802 - INFO - Monitor check completed. Leads: 7
2025-11-11 13:25:52,837 - INFO - Monitor check completed. Leads: 7
2025-11-11 13:26:22,995 - INFO - Monitor check completed. Leads: 7
2025-11-11 13:26:53,033 - INFO - Monitor check completed. Leads: 7
2025-11-11 13:27:23,067 - INFO - Monitor check completed. Leads: 7
2025-11-11 13:27:53,102 - INFO - Monitor check completed. Leads: 7
2025-11-11 13:28:23,138 - INFO - Monitor check completed. Leads: 7
2025-11-11 13:28:53,176 - INFO - Monitor check completed. Leads: 7
2025-11-11 13:29:23,210 - INFO - Monitor check completed. Leads: 7
2025-11-11 13:29:53,245 - INFO - Monitor check completed. Leads: 7
2025-11-11 13:30:23,764 - INFO - ✅ Telegram alert poslat
2025-11-11 13:30:23,766 - INFO - Monitor check completed. Leads: 7
2025-11-11 13:30:54,258 - INFO - ✅ Telegram alert poslat
2025-11-11 13:30:54,260 - INFO - Monitor check completed. Leads: 7
2025-11-11 13:31:24,295 - INFO - Monitor check completed. Leads: 7
2025-11-11 13:31:54,330 - INFO - Monitor check completed. Leads: 7
2025-11-11 13:32:24,369 - INFO - Monitor check completed. Leads: 7
2025-11-11 13:32:54,405 - INFO - Monitor check completed. Leads: 7
2025-11-11 13:33:24,445 - INFO - Monitor check completed. Leads: 7
2025-11-11 13:33:54,481 - INFO - Monitor check completed. Leads: 7
2025-11-11 13:34:24,520 - INFO - Monitor check completed. Leads: 7
2025-11-11 13:34:54,555 - INFO - Monitor check completed. Leads: 7
2025-11-11 13:35:24,593 - INFO - Monitor check completed. Leads: 7
2025-11-11 13:35:54,628 - INFO - Monitor check completed. Leads: 7
2025-11-11 13:36:24,760 - INFO - Monitor check completed. Leads: 7
2025-11-11 13:36:54,794 - INFO - Monitor check completed. Leads: 7
2025-11-11 13:37:24,829 - INFO - Monitor check completed. Leads: 7
2025-11-11 13:37:54,864 - INFO - Monitor check completed. Leads: 7
2025-11-11 13:38:24,903 - INFO - Monitor check completed. Leads: 7
2025-11-11 13:38:54,937 - INFO - Monitor check completed. Leads: 7
2025-11-11 13:39:24,984 - INFO - Monitor check completed. Leads: 7
2025-11-11 13:39:55,022 - INFO - Monitor check completed. Leads: 7
2025-11-11 13:40:25,058 - INFO - Monitor check completed. Leads: 7
2025-11-11 13:40:55,097 - INFO - Monitor check completed. Leads: 7
2025-11-11 13:41:25,137 - INFO - Monitor check completed. Leads: 7
2025-11-11 13:41:55,175 - INFO - Monitor check completed. Leads: 7
2025-11-11 13:42:25,211 - INFO - Monitor check completed. Leads: 7
2025-11-11 13:42:55,247 - INFO - Monitor check completed. Leads: 7
2025-11-11 13:43:25,281 - INFO - Monitor check completed. Leads: 7
2025-11-11 13:43:55,315 - INFO - Monitor check completed. Leads: 7
2025-11-11 13:44:25,351 - INFO - Monitor check completed. Leads: 7
2025-11-11 13:44:55,387 - INFO - Monitor check completed. Leads: 7
2025-11-11 13:45:25,422 - INFO - Monitor check completed. Leads: 7
2025-11-11 13:45:55,456 - INFO - Monitor check completed. Leads: 7
2025-11-11 13:46:25,492 - INFO - Monitor check completed. Leads: 7
2025-11-11 13:46:55,527 - INFO - Monitor check completed. Leads: 7
2025-11-11 13:47:25,564 - INFO - Monitor check completed. Leads: 7
2025-11-11 13:47:55,633 - INFO - Monitor check completed. Leads: 7
2025-11-11 13:48:25,670 - INFO - Monitor check completed. Leads: 7
2025-11-11 13:48:55,706 - INFO - Monitor check completed. Leads: 7
2025-11-11 13:49:25,747 - INFO - Monitor check completed. Leads: 7
2025-11-11 13:49:55,785 - INFO - Monitor check completed. Leads: 7
2025-11-11 13:50:25,829 - INFO - Monitor check completed. Leads: 7
2025-11-11 13:50:55,864 - INFO - Monitor check completed. Leads: 7
2025-11-11 13:51:25,900 - INFO - Monitor check completed. Leads: 7
2025-11-11 13:51:55,935 - INFO - Monitor check completed. Leads: 7
2025-11-11 13:52:25,973 - INFO - Monitor check completed. Leads: 7
2025-11-11 13:52:56,008 - INFO - Monitor check completed. Leads: 7
2025-11-11 13:53:26,042 - INFO - Monitor check completed. Leads: 7
2025-11-11 13:53:56,077 - INFO - Monitor check completed. Leads: 7
2025-11-11 13:54:26,114 - INFO - Monitor check completed. Leads: 7
2025-11-11 13:54:56,150 - INFO - Monitor check completed. Leads: 7
2025-11-11 13:55:26,184 - INFO - Monitor check completed. Leads: 7
2025-11-11 13:55:56,219 - INFO - Monitor check completed. Leads: 7
2025-11-11 13:56:26,256 - INFO - Monitor check completed. Leads: 7
2025-11-11 13:56:56,291 - INFO - Monitor check completed. Leads: 7
2025-11-11 13:57:26,326 - INFO - Monitor check completed. Leads: 7
2025-11-11 13:57:56,362 - INFO - Monitor check completed. Leads: 7
2025-11-11 13:58:26,400 - INFO - Monitor check completed. Leads: 7
2025-11-11 13:58:56,436 - INFO - Monitor check completed. Leads: 7
2025-11-11 13:59:26,471 - INFO - Monitor check completed. Leads: 7
2025-11-11 13:59:56,506 - INFO - Monitor check completed. Leads: 7
2025-11-11 14:00:27,036 - INFO - ✅ Telegram alert poslat
2025-11-11 14:00:27,039 - INFO - Monitor check completed. Leads: 7
2025-11-11 14:00:57,433 - INFO - ✅ Telegram alert poslat
2025-11-11 14:00:57,435 - INFO - Monitor check completed. Leads: 7
2025-11-11 14:01:27,470 - INFO - Monitor check completed. Leads: 7
2025-11-11 14:01:57,505 - INFO - Monitor check completed. Leads: 7
2025-11-11 14:02:27,542 - INFO - Monitor check completed. Leads: 7
2025-11-11 14:02:57,578 - INFO - Monitor check completed. Leads: 7
2025-11-11 14:03:27,614 - INFO - Monitor check completed. Leads: 7
2025-11-11 14:03:57,649 - INFO - Monitor check completed. Leads: 7
2025-11-11 14:04:27,686 - INFO - Monitor check completed. Leads: 7
2025-11-11 14:04:57,722 - INFO - Monitor check completed. Leads: 7
2025-11-11 14:05:27,760 - INFO - Monitor check completed. Leads: 7
2025-11-11 14:05:57,794 - INFO - Monitor check completed. Leads: 7
2025-11-11 14:06:27,829 - INFO - Monitor check completed. Leads: 7
2025-11-11 14:06:57,870 - INFO - Monitor check completed. Leads: 7
2025-11-11 14:07:27,905 - INFO - Monitor check completed. Leads: 7
2025-11-11 14:07:57,940 - INFO - Monitor check completed. Leads: 7
2025-11-11 14:08:27,975 - INFO - Monitor check completed. Leads: 7
2025-11-11 14:08:58,013 - INFO - Monitor check completed. Leads: 7
2025-11-11 14:09:28,049 - INFO - Monitor check completed. Leads: 7
2025-11-11 14:09:58,085 - INFO - Monitor check completed. Leads: 7
2025-11-11 14:10:28,121 - INFO - Monitor check completed. Leads: 7
2025-11-11 14:10:58,157 - INFO - Monitor check completed. Leads: 7
2025-11-11 14:11:28,205 - INFO - Monitor check completed. Leads: 7
2025-11-11 14:11:58,242 - INFO - Monitor check completed. Leads: 7
2025-11-11 14:12:28,277 - INFO - Monitor check completed. Leads: 7
2025-11-11 14:12:58,314 - INFO - Monitor check completed. Leads: 7
2025-11-11 14:13:28,350 - INFO - Monitor check completed. Leads: 7
2025-11-11 14:13:58,403 - INFO - Monitor check completed. Leads: 7
2025-11-11 14:14:28,438 - INFO - Monitor check completed. Leads: 7
2025-11-11 14:14:58,473 - INFO - Monitor check completed. Leads: 7
2025-11-11 14:15:28,507 - INFO - Monitor check completed. Leads: 7
2025-11-11 14:15:58,545 - INFO - Monitor check completed. Leads: 7
2025-11-11 14:16:28,581 - INFO - Monitor check completed. Leads: 7
2025-11-11 14:16:58,615 - INFO - Monitor check completed. Leads: 7
2025-11-11 14:17:28,655 - INFO - Monitor check completed. Leads: 7
2025-11-11 14:17:58,690 - INFO - Monitor check completed. Leads: 7
2025-11-11 14:18:28,728 - INFO - Monitor check completed. Leads: 7
2025-11-11 14:18:58,762 - INFO - Monitor check completed. Leads: 7
2025-11-11 14:19:28,813 - INFO - Monitor check completed. Leads: 7
2025-11-11 14:19:58,848 - INFO - Monitor check completed. Leads: 7
2025-11-11 14:20:28,885 - INFO - Monitor check completed. Leads: 7
2025-11-11 14:20:58,948 - INFO - Monitor check completed. Leads: 7
2025-11-11 14:21:28,983 - INFO - Monitor check completed. Leads: 7
2025-11-11 14:21:59,019 - INFO - Monitor check completed. Leads: 7
2025-11-11 14:22:29,057 - INFO - Monitor check completed. Leads: 7
2025-11-11 14:22:59,098 - INFO - Monitor check completed. Leads: 7
2025-11-11 14:23:29,133 - INFO - Monitor check completed. Leads: 7
2025-11-11 14:23:59,169 - INFO - Monitor check completed. Leads: 7
2025-11-11 14:24:29,204 - INFO - Monitor check completed. Leads: 7
2025-11-11 14:24:59,241 - INFO - Monitor check completed. Leads: 7
2025-11-11 14:25:29,275 - INFO - Monitor check completed. Leads: 7
2025-11-11 14:25:59,311 - INFO - Monitor check completed. Leads: 7
2025-11-11 14:26:29,349 - INFO - Monitor check completed. Leads: 7
2025-11-11 14:26:59,383 - INFO - Monitor check completed. Leads: 7
2025-11-11 14:27:29,420 - INFO - Monitor check completed. Leads: 7
2025-11-11 14:27:59,456 - INFO - Monitor check completed. Leads: 7
2025-11-11 14:28:29,522 - INFO - Monitor check completed. Leads: 7
2025-11-11 14:28:59,557 - INFO - Monitor check completed. Leads: 7
2025-11-11 14:29:29,593 - INFO - Monitor check completed. Leads: 7
2025-11-11 14:29:59,627 - INFO - Monitor check completed. Leads: 7
2025-11-11 14:30:30,082 - INFO - ✅ Telegram alert poslat
2025-11-11 14:30:30,084 - INFO - Monitor check completed. Leads: 7
2025-11-11 14:31:00,120 - INFO - Monitor check completed. Leads: 7
2025-11-11 14:31:30,154 - INFO - Monitor check completed. Leads: 7
2025-11-11 14:32:00,190 - INFO - Monitor check completed. Leads: 7
2025-11-11 14:32:30,227 - INFO - Monitor check completed. Leads: 7
2025-11-11 14:33:00,264 - INFO - Monitor check completed. Leads: 7
2025-11-11 14:33:30,299 - INFO - Monitor check completed. Leads: 7
2025-11-11 14:34:00,337 - INFO - Monitor check completed. Leads: 7
2025-11-11 14:34:30,371 - INFO - Monitor check completed. Leads: 7
2025-11-11 14:35:00,407 - INFO - Monitor check completed. Leads: 7
2025-11-11 14:35:30,443 - INFO - Monitor check completed. Leads: 7
2025-11-11 14:36:00,483 - INFO - Monitor check completed. Leads: 7
2025-11-11 14:36:30,518 - INFO - Monitor check completed. Leads: 7
2025-11-11 14:37:00,559 - INFO - Monitor check completed. Leads: 7
2025-11-11 14:37:30,592 - INFO - Monitor check completed. Leads: 7
2025-11-11 14:38:00,631 - INFO - Monitor check completed. Leads: 7
2025-11-11 14:38:30,665 - INFO - Monitor check completed. Leads: 7
2025-11-11 14:39:00,701 - INFO - Monitor check completed. Leads: 7
2025-11-11 14:39:30,739 - INFO - Monitor check completed. Leads: 7
2025-11-11 14:40:00,774 - INFO - Monitor check completed. Leads: 7
2025-11-11 14:40:30,808 - INFO - Monitor check completed. Leads: 7
2025-11-11 14:41:00,843 - INFO - Monitor check completed. Leads: 7
2025-11-11 14:41:30,878 - INFO - Monitor check completed. Leads: 7
2025-11-11 14:42:00,913 - INFO - Monitor check completed. Leads: 7
2025-11-11 14:42:30,949 - INFO - Monitor check completed. Leads: 7
2025-11-11 14:43:00,984 - INFO - Monitor check completed. Leads: 7
2025-11-11 14:43:31,020 - INFO - Monitor check completed. Leads: 7
2025-11-11 14:44:01,055 - INFO - Monitor check completed. Leads: 7
2025-11-11 14:44:31,095 - INFO - Monitor check completed. Leads: 7
2025-11-11 14:45:01,142 - INFO - Monitor check completed. Leads: 7
2025-11-11 14:45:31,177 - INFO - Monitor check completed. Leads: 7
2025-11-11 14:46:01,215 - INFO - Monitor check completed. Leads: 7
2025-11-11 14:46:31,248 - INFO - Monitor check completed. Leads: 7
2025-11-11 14:47:01,283 - INFO - Monitor check completed. Leads: 7
2025-11-11 14:47:31,354 - INFO - Monitor check completed. Leads: 7
2025-11-11 14:48:01,395 - INFO - Monitor check completed. Leads: 7
2025-11-11 14:48:31,432 - INFO - Monitor check completed. Leads: 7
2025-11-11 14:49:01,468 - INFO - Monitor check completed. Leads: 7
2025-11-11 14:49:31,503 - INFO - Monitor check completed. Leads: 7
2025-11-11 14:50:01,543 - INFO - Monitor check completed. Leads: 7
2025-11-11 14:50:31,579 - INFO - Monitor check completed. Leads: 7
2025-11-11 14:51:01,620 - INFO - Monitor check completed. Leads: 7
2025-11-11 14:51:31,656 - INFO - Monitor check completed. Leads: 7
2025-11-11 14:52:01,695 - INFO - Monitor check completed. Leads: 7
2025-11-11 14:52:31,734 - INFO - Monitor check completed. Leads: 7
2025-11-11 14:53:01,779 - INFO - Monitor check completed. Leads: 7
2025-11-11 14:53:31,818 - INFO - Monitor check completed. Leads: 7
2025-11-11 14:54:01,860 - INFO - Monitor check completed. Leads: 7
2025-11-11 14:54:31,897 - INFO - Monitor check completed. Leads: 7
2025-11-11 14:55:02,040 - INFO - Monitor check completed. Leads: 7
2025-11-11 14:55:32,074 - INFO - Monitor check completed. Leads: 7
2025-11-11 14:56:02,111 - INFO - Monitor check completed. Leads: 7
2025-11-11 14:56:32,145 - INFO - Monitor check completed. Leads: 7
2025-11-11 14:57:02,193 - INFO - Monitor check completed. Leads: 7
2025-11-11 14:57:32,230 - INFO - Monitor check completed. Leads: 7
2025-11-11 14:58:02,269 - INFO - Monitor check completed. Leads: 7
2025-11-11 14:58:32,304 - INFO - Monitor check completed. Leads: 7
2025-11-11 14:59:02,342 - INFO - Monitor check completed. Leads: 7
2025-11-11 14:59:32,397 - INFO - Monitor check completed. Leads: 7
2025-11-11 15:00:03,282 - INFO - ✅ Telegram alert poslat
2025-11-11 15:00:03,286 - INFO - Monitor check completed. Leads: 7
2025-11-11 15:00:33,713 - INFO - ✅ Telegram alert poslat
2025-11-11 15:00:33,715 - INFO - Monitor check completed. Leads: 7
2025-11-11 15:01:03,754 - INFO - Monitor check completed. Leads: 7
2025-11-11 15:01:33,789 - INFO - Monitor check completed. Leads: 7
2025-11-11 15:02:03,850 - INFO - Monitor check completed. Leads: 7
2025-11-11 15:02:33,892 - INFO - Monitor check completed. Leads: 7
2025-11-11 15:03:03,936 - INFO - Monitor check completed. Leads: 7
2025-11-11 15:03:33,973 - INFO - Monitor check completed. Leads: 7
2025-11-11 15:04:04,020 - INFO - Monitor check completed. Leads: 7
2025-11-11 15:04:34,061 - INFO - Monitor check completed. Leads: 7
2025-11-11 15:05:04,097 - INFO - Monitor check completed. Leads: 7
2025-11-11 15:05:34,137 - INFO - Monitor check completed. Leads: 7
2025-11-11 15:06:04,178 - INFO - Monitor check completed. Leads: 7
2025-11-11 15:06:34,215 - INFO - Monitor check completed. Leads: 7
2025-11-11 15:07:04,271 - INFO - Monitor check completed. Leads: 7
2025-11-11 15:07:34,306 - INFO - Monitor check completed. Leads: 7
2025-11-11 15:08:04,341 - INFO - Monitor check completed. Leads: 7
2025-11-11 15:08:34,377 - INFO - Monitor check completed. Leads: 7
2025-11-11 15:09:04,414 - INFO - Monitor check completed. Leads: 7
2025-11-11 15:09:34,451 - INFO - Monitor check completed. Leads: 7
2025-11-11 15:10:04,492 - INFO - Monitor check completed. Leads: 7
2025-11-11 15:10:34,528 - INFO - Monitor check completed. Leads: 7
2025-11-11 15:11:04,564 - INFO - Monitor check completed. Leads: 7
2025-11-11 15:11:34,629 - INFO - Monitor check completed. Leads: 7
2025-11-11 15:12:04,667 - INFO - Monitor check completed. Leads: 7
2025-11-11 15:12:34,702 - INFO - Monitor check completed. Leads: 7
2025-11-11 15:13:04,743 - INFO - Monitor check completed. Leads: 7
2025-11-11 15:13:34,778 - INFO - Monitor check completed. Leads: 7
2025-11-11 15:14:04,827 - INFO - Monitor check completed. Leads: 7
2025-11-11 15:14:34,870 - INFO - Monitor check completed. Leads: 7
2025-11-11 15:15:04,912 - INFO - Monitor check completed. Leads: 7
2025-11-11 15:15:34,948 - INFO - Monitor check completed. Leads: 7
2025-11-11 15:16:04,986 - INFO - Monitor check completed. Leads: 7
2025-11-11 15:16:35,023 - INFO - Monitor check completed. Leads: 7
2025-11-11 15:17:05,064 - INFO - Monitor check completed. Leads: 7
2025-11-11 15:17:35,103 - INFO - Monitor check completed. Leads: 7
2025-11-11 15:18:05,148 - INFO - Monitor check completed. Leads: 7
2025-11-11 15:18:35,188 - INFO - Monitor check completed. Leads: 7
2025-11-11 15:19:05,426 - INFO - Monitor check completed. Leads: 7
2025-11-11 15:19:35,464 - INFO - Monitor check completed. Leads: 7
2025-11-11 15:20:05,522 - INFO - Monitor check completed. Leads: 7
2025-11-11 15:20:35,558 - INFO - Monitor check completed. Leads: 7
2025-11-11 15:21:05,594 - INFO - Monitor check completed. Leads: 7
2025-11-11 15:21:35,637 - INFO - Monitor check completed. Leads: 7
2025-11-11 15:22:05,678 - INFO - Monitor check completed. Leads: 7
2025-11-11 15:22:35,712 - INFO - Monitor check completed. Leads: 7
2025-11-11 15:23:05,754 - INFO - Monitor check completed. Leads: 7
2025-11-11 15:23:35,791 - INFO - Monitor check completed. Leads: 7
2025-11-11 15:24:05,846 - INFO - Monitor check completed. Leads: 7
2025-11-11 15:24:35,885 - INFO - Monitor check completed. Leads: 7
2025-11-11 15:25:05,922 - INFO - Monitor check completed. Leads: 7
2025-11-11 15:25:35,958 - INFO - Monitor check completed. Leads: 7
2025-11-11 15:26:06,068 - INFO - Monitor check completed. Leads: 7
2025-11-11 15:26:36,103 - INFO - Monitor check completed. Leads: 7
2025-11-11 15:27:06,142 - INFO - Monitor check completed. Leads: 7
2025-11-11 15:27:36,179 - INFO - Monitor check completed. Leads: 7
2025-11-11 15:28:06,217 - INFO - Monitor check completed. Leads: 7
2025-11-11 15:28:36,252 - INFO - Monitor check completed. Leads: 7
2025-11-11 15:29:06,301 - INFO - Monitor check completed. Leads: 7
2025-11-11 15:29:36,336 - INFO - Monitor check completed. Leads: 7
2025-11-11 15:30:06,966 - INFO - ✅ Telegram alert poslat
2025-11-11 15:30:06,968 - INFO - Monitor check completed. Leads: 7
2025-11-11 15:30:37,372 - INFO - ✅ Telegram alert poslat
2025-11-11 15:30:37,374 - INFO - Monitor check completed. Leads: 7
2025-11-11 15:31:07,438 - INFO - Monitor check completed. Leads: 7
2025-11-11 15:31:37,472 - INFO - Monitor check completed. Leads: 7
2025-11-11 15:32:07,508 - INFO - Monitor check completed. Leads: 7
2025-11-11 15:32:37,544 - INFO - Monitor check completed. Leads: 7
2025-11-11 15:33:07,579 - INFO - Monitor check completed. Leads: 7
2025-11-11 15:33:37,652 - INFO - Monitor check completed. Leads: 7
2025-11-11 15:34:07,693 - INFO - Monitor check completed. Leads: 7
2025-11-11 15:34:37,727 - INFO - Monitor check completed. Leads: 7
2025-11-11 15:35:07,767 - INFO - Monitor check completed. Leads: 7
2025-11-11 15:35:37,803 - INFO - Monitor check completed. Leads: 7
2025-11-11 15:36:07,845 - INFO - Monitor check completed. Leads: 7
2025-11-11 15:36:37,884 - INFO - Monitor check completed. Leads: 7
2025-11-11 15:37:07,921 - INFO - Monitor check completed. Leads: 7
2025-11-11 15:37:37,956 - INFO - Monitor check completed. Leads: 7
2025-11-11 15:38:07,996 - INFO - Monitor check completed. Leads: 7
2025-11-11 15:38:38,034 - INFO - Monitor check completed. Leads: 7
2025-11-11 15:39:08,070 - INFO - Monitor check completed. Leads: 7
2025-11-11 15:39:38,106 - INFO - Monitor check completed. Leads: 7
2025-11-11 15:40:08,145 - INFO - Monitor check completed. Leads: 7
2025-11-11 15:40:38,183 - INFO - Monitor check completed. Leads: 7
2025-11-11 15:41:08,219 - INFO - Monitor check completed. Leads: 7
2025-11-11 15:41:38,254 - INFO - Monitor check completed. Leads: 7
2025-11-11 15:42:08,290 - INFO - Monitor check completed. Leads: 7
2025-11-11 15:42:38,328 - INFO - Monitor check completed. Leads: 7
2025-11-11 15:43:08,371 - INFO - Monitor check completed. Leads: 7
2025-11-11 15:43:38,406 - INFO - Monitor check completed. Leads: 7
2025-11-11 15:44:08,484 - INFO - Monitor check completed. Leads: 7
2025-11-11 15:44:38,519 - INFO - Monitor check completed. Leads: 7
2025-11-11 15:45:08,553 - INFO - Monitor check completed. Leads: 7
2025-11-11 15:45:38,596 - INFO - Monitor check completed. Leads: 7
2025-11-11 15:46:08,637 - INFO - Monitor check completed. Leads: 7
2025-11-11 15:46:38,673 - INFO - Monitor check completed. Leads: 7
2025-11-11 15:47:08,724 - INFO - Monitor check completed. Leads: 7
2025-11-11 15:47:38,774 - INFO - Monitor check completed. Leads: 7
2025-11-11 15:48:08,835 - INFO - Monitor check completed. Leads: 7
2025-11-11 15:48:38,875 - INFO - Monitor check completed. Leads: 7
2025-11-11 15:49:08,915 - INFO - Monitor check completed. Leads: 7
2025-11-11 15:49:38,954 - INFO - Monitor check completed. Leads: 7
2025-11-11 15:50:09,034 - INFO - Monitor check completed. Leads: 7
2025-11-11 15:50:39,090 - INFO - Monitor check completed. Leads: 7
2025-11-11 15:51:09,142 - INFO - Monitor check completed. Leads: 7
2025-11-11 15:51:39,213 - INFO - Monitor check completed. Leads: 7
2025-11-11 15:52:09,264 - INFO - Monitor check completed. Leads: 7
2025-11-11 15:52:39,299 - INFO - Monitor check completed. Leads: 7
2025-11-11 15:53:09,384 - INFO - Monitor check completed. Leads: 7
2025-11-11 15:53:39,424 - INFO - Monitor check completed. Leads: 7
2025-11-11 15:54:09,478 - INFO - Monitor check completed. Leads: 7
2025-11-11 15:54:39,544 - INFO - Monitor check completed. Leads: 7
2025-11-11 15:55:09,587 - INFO - Monitor check completed. Leads: 7
2025-11-11 15:55:39,647 - INFO - Monitor check completed. Leads: 7
2025-11-11 15:56:09,714 - INFO - Monitor check completed. Leads: 7
2025-11-11 15:56:39,765 - INFO - Monitor check completed. Leads: 7
2025-11-11 15:57:09,809 - INFO - Monitor check completed. Leads: 7
2025-11-11 15:57:39,864 - INFO - Monitor check completed. Leads: 7
2025-11-11 15:58:10,002 - INFO - Monitor check completed. Leads: 7
2025-11-11 15:58:40,059 - INFO - Monitor check completed. Leads: 7
2025-11-11 15:59:10,150 - INFO - Monitor check completed. Leads: 7
2025-11-11 15:59:40,219 - INFO - Monitor check completed. Leads: 7
2025-11-11 16:00:13,074 - INFO - ✅ Telegram alert poslat
2025-11-11 16:00:13,084 - INFO - Monitor check completed. Leads: 7
2025-11-11 16:00:43,216 - ERROR - ❌ Greška u Telegram alertu: HTTPSConnectionPool(host='api.telegram.org', port=443): Max retries exceeded with url: /bot8105923056:AAFdk-iRcIgmVGHxdAE7R-qhTNoq7WbRTW0/sendMessage (Caused by ProxyError('Unable to connect to proxy', OSError('Tunnel connection failed: 503 Service Unavailable')))
2025-11-11 16:00:43,216 - INFO - Monitor check completed. Leads: 7
2025-11-11 16:01:13,331 - INFO - Monitor check completed. Leads: 7
2025-11-11 16:01:43,399 - INFO - Monitor check completed. Leads: 7
2025-11-11 16:02:13,474 - INFO - Monitor check completed. Leads: 7
2025-11-11 16:02:43,527 - INFO - Monitor check completed. Leads: 7
2025-11-11 16:03:13,584 - INFO - Monitor check completed. Leads: 7
2025-11-11 16:03:43,641 - INFO - Monitor check completed. Leads: 7
2025-11-11 16:04:13,688 - INFO - Monitor check completed. Leads: 7
2025-11-11 16:04:43,734 - INFO - Monitor check completed. Leads: 7
2025-11-11 16:05:13,803 - INFO - Monitor check completed. Leads: 7
2025-11-11 16:05:43,842 - INFO - Monitor check completed. Leads: 7
2025-11-11 16:06:13,903 - INFO - Monitor check completed. Leads: 7
2025-11-11 16:06:43,960 - INFO - Monitor check completed. Leads: 7
2025-11-11 16:07:14,003 - INFO - Monitor check completed. Leads: 7
2025-11-11 16:07:44,182 - INFO - Monitor check completed. Leads: 7
2025-11-11 16:08:14,222 - INFO - Monitor check completed. Leads: 7
2025-11-11 16:08:44,271 - INFO - Monitor check completed. Leads: 7
2025-11-11 16:09:14,317 - INFO - Monitor check completed. Leads: 7
2025-11-11 16:09:44,379 - INFO - Monitor check completed. Leads: 7
2025-11-11 16:10:14,458 - INFO - Monitor check completed. Leads: 7
2025-11-11 16:10:44,537 - INFO - Monitor check completed. Leads: 7
2025-11-11 16:11:14,598 - INFO - Monitor check completed. Leads: 7
2025-11-11 16:11:44,657 - INFO - Monitor check completed. Leads: 7
2025-11-11 16:12:14,752 - INFO - Monitor check completed. Leads: 7
2025-11-11 16:12:44,837 - INFO - Monitor check completed. Leads: 7
2025-11-11 16:13:14,895 - INFO - Monitor check completed. Leads: 7
2025-11-11 16:13:44,965 - INFO - Monitor check completed. Leads: 7
2025-11-11 16:14:15,012 - INFO - Monitor check completed. Leads: 7
2025-11-11 16:14:45,075 - INFO - Monitor check completed. Leads: 7
2025-11-11 16:15:15,113 - INFO - Monitor check completed. Leads: 7
2025-11-11 16:15:45,197 - INFO - Monitor check completed. Leads: 7
2025-11-11 16:16:15,304 - INFO - Monitor check completed. Leads: 7
2025-11-11 16:16:45,348 - INFO - Monitor check completed. Leads: 7
2025-11-11 16:17:15,401 - INFO - Monitor check completed. Leads: 7
2025-11-11 16:17:45,491 - INFO - Monitor check completed. Leads: 7
2025-11-11 16:18:15,598 - INFO - Monitor check completed. Leads: 7
2025-11-11 16:18:45,640 - INFO - Monitor check completed. Leads: 7
2025-11-11 16:19:15,689 - INFO - Monitor check completed. Leads: 7
2025-11-11 16:19:45,749 - INFO - Monitor check completed. Leads: 7
2025-11-11 16:20:15,821 - INFO - Monitor check completed. Leads: 7
2025-11-11 16:20:45,889 - INFO - Monitor check completed. Leads: 7
2025-11-11 16:21:15,930 - INFO - Monitor check completed. Leads: 7
2025-11-11 16:21:45,996 - INFO - Monitor check completed. Leads: 7
2025-11-11 16:22:16,053 - INFO - Monitor check completed. Leads: 7
2025-11-11 16:22:46,107 - INFO - Monitor check completed. Leads: 7
2025-11-11 16:23:16,149 - INFO - Monitor check completed. Leads: 7
2025-11-11 16:23:46,186 - INFO - Monitor check completed. Leads: 7
2025-11-11 16:24:16,247 - INFO - Monitor check completed. Leads: 7
2025-11-11 16:24:46,284 - INFO - Monitor check completed. Leads: 7
2025-11-11 16:25:16,392 - INFO - Monitor check completed. Leads: 7
2025-11-11 16:25:46,438 - INFO - Monitor check completed. Leads: 7
2025-11-11 16:26:16,488 - INFO - Monitor check completed. Leads: 7
2025-11-11 16:26:46,533 - INFO - Monitor check completed. Leads: 7
2025-11-11 16:27:16,612 - INFO - Monitor check completed. Leads: 7
2025-11-11 16:27:46,734 - INFO - Monitor check completed. Leads: 7
2025-11-11 16:28:16,786 - INFO - Monitor check completed. Leads: 7
2025-11-11 16:28:46,824 - INFO - Monitor check completed. Leads: 7
2025-11-11 16:29:16,865 - INFO - Monitor check completed. Leads: 7
2025-11-11 16:29:46,910 - INFO - Monitor check completed. Leads: 7
2025-11-11 16:30:19,241 - INFO - ✅ Telegram alert poslat
2025-11-11 16:30:19,268 - INFO - Monitor check completed. Leads: 7
2025-11-11 16:30:50,092 - INFO - ✅ Telegram alert poslat
2025-11-11 16:30:50,097 - INFO - Monitor check completed. Leads: 7
2025-11-11 16:31:20,144 - INFO - Monitor check completed. Leads: 7
2025-11-11 16:31:50,185 - INFO - Monitor check completed. Leads: 7
2025-11-11 16:32:20,248 - INFO - Monitor check completed. Leads: 7
2025-11-11 16:32:50,293 - INFO - Monitor check completed. Leads: 7
2025-11-11 16:33:20,364 - INFO - Monitor check completed. Leads: 7
2025-11-11 16:33:50,407 - INFO - Monitor check completed. Leads: 7
2025-11-11 16:34:20,455 - INFO - Monitor check completed. Leads: 7
2025-11-11 16:34:50,504 - INFO - Monitor check completed. Leads: 7
2025-11-11 16:35:20,549 - INFO - Monitor check completed. Leads: 7
